-- phpMyAdmin SQL Dump
-- version 5.1.1
-- https://www.phpmyadmin.net/
--
-- Hôte : 127.0.0.1
-- Généré le : sam. 30 sep. 2023 à 03:07
-- Version du serveur : 10.4.21-MariaDB
-- Version de PHP : 7.3.30

SET SQL_MODE = "NO_AUTO_VALUE_ON_ZERO";
START TRANSACTION;
SET time_zone = "+00:00";


/*!40101 SET @OLD_CHARACTER_SET_CLIENT=@@CHARACTER_SET_CLIENT */;
/*!40101 SET @OLD_CHARACTER_SET_RESULTS=@@CHARACTER_SET_RESULTS */;
/*!40101 SET @OLD_COLLATION_CONNECTION=@@COLLATION_CONNECTION */;
/*!40101 SET NAMES utf8mb4 */;

--
-- Base de données : `grh14`
--

-- --------------------------------------------------------

--
-- Structure de la table `confirmation_mail_token_entity`
--

CREATE TABLE `confirmation_mail_token_entity` (
  `id` bigint(20) NOT NULL,
  `confirmed_at` datetime DEFAULT NULL,
  `created_at` datetime DEFAULT NULL,
  `expires_at` datetime DEFAULT NULL,
  `token` varchar(255) NOT NULL,
  `user_id` bigint(20) NOT NULL
) ENGINE=InnoDB DEFAULT CHARSET=utf8mb4;

--
-- Déchargement des données de la table `confirmation_mail_token_entity`
--

INSERT INTO `confirmation_mail_token_entity` (`id`, `confirmed_at`, `created_at`, `expires_at`, `token`, `user_id`) VALUES
(1, NULL, '2023-08-29 00:52:12', '2023-08-29 12:52:12', 'd1cb980a-17c3-4d4d-b12a-2f725fdf8094', 1),
(2, NULL, '2023-08-29 00:53:12', '2023-08-29 12:53:12', '79821232-4d98-4d67-a0b9-85fe6e42cdc9', 2),
(3, NULL, '2023-08-29 01:01:21', '2023-08-29 13:01:21', '67fc88a1-1009-497e-9fe6-538a23c68270', 3),
(4, NULL, '2023-08-29 04:08:15', '2023-08-29 16:08:15', '786cb06a-ee92-427a-97a2-af2dd8a74139', 4),
(5, NULL, '2023-08-30 17:18:34', '2023-08-31 05:18:34', 'e5a80d17-655c-4951-be7f-37996b90a5d9', 5),
(6, NULL, '2023-09-01 14:35:42', '2023-09-02 02:35:42', '60679fe2-118e-431d-aebf-d5c1a42eceb4', 6),
(7, NULL, '2023-09-01 14:43:05', '2023-09-02 02:43:05', '0da5ac0a-0f47-46f7-840e-2860cae084fe', 7),
(8, NULL, '2023-09-02 01:46:10', '2023-09-02 13:46:10', '20e83b49-e867-4973-a4ea-6712cd909240', 8),
(9, NULL, '2023-09-02 01:48:00', '2023-09-02 13:48:00', '0a2c0bac-b2d6-4ac4-a436-ff34b6dca924', 9),
(10, NULL, '2023-09-02 01:51:12', '2023-09-02 13:51:12', '0f796737-ccc6-453b-924f-6db0505b26b7', 10),
(11, NULL, '2023-09-02 01:58:32', '2023-09-02 13:58:32', '684bacde-77ea-40d7-a2f2-c41e1f7371e0', 11),
(12, NULL, '2023-09-02 02:23:20', '2023-09-02 14:23:20', '4dcd538e-ee17-4671-9f94-f9eda0c16298', 12),
(13, NULL, '2023-09-07 17:26:21', '2023-09-08 05:26:21', '5fc4ed39-9945-43dc-950a-9317f8c5c374', 13),
(14, NULL, '2023-09-11 00:25:28', '2023-09-11 12:25:28', '7f7c08b3-5afd-43c9-bf6a-a3fb83fe0fcd', 14),
(15, NULL, '2023-09-20 14:32:26', '2023-09-21 02:32:26', '1aed0926-eb9f-4aba-81fd-9c0f73f6be06', 15),
(16, NULL, '2023-09-20 20:58:09', '2023-09-21 08:58:09', '6891d634-9aea-4352-aad2-e617f70fb2cc', 16),
(17, NULL, '2023-09-20 20:58:50', '2023-09-21 08:58:50', '2ab110f1-c60a-4f73-8bd3-1c81027eb163', 17),
(18, NULL, '2023-09-22 10:04:08', '2023-09-22 22:04:08', 'bbf13352-016b-49a1-bb44-d80704310547', 18),
(19, NULL, '2023-09-29 10:27:19', '2023-09-29 22:27:19', '3bca918a-8842-4c1c-8225-689786671da8', 19),
(20, NULL, '2023-09-29 10:31:50', '2023-09-29 22:31:50', '3fe75ce0-e000-4122-84bf-a16aaa0e2fe5', 20),
(21, NULL, '2023-09-29 10:36:24', '2023-09-29 22:36:24', '37071859-0652-495e-86fd-75d5314b4391', 21);

-- --------------------------------------------------------

--
-- Structure de la table `confirmation_token_sequence`
--

CREATE TABLE `confirmation_token_sequence` (
  `next_val` bigint(20) DEFAULT NULL
) ENGINE=InnoDB DEFAULT CHARSET=utf8mb4;

--
-- Déchargement des données de la table `confirmation_token_sequence`
--

INSERT INTO `confirmation_token_sequence` (`next_val`) VALUES
(22);

-- --------------------------------------------------------

--
-- Structure de la table `contrat`
--

CREATE TABLE `contrat` (
  `id` bigint(20) NOT NULL,
  `date_limite_financement` datetime DEFAULT NULL,
  `assureur` varchar(255) DEFAULT NULL,
  `cheque` varchar(255) DEFAULT NULL,
  `chiffre_affaire` varchar(255) DEFAULT NULL,
  `commision_factring` varchar(255) DEFAULT NULL,
  `date_demarrage` datetime DEFAULT NULL,
  `date_limite_credit` datetime DEFAULT NULL,
  `date_pr_revesion` datetime DEFAULT NULL,
  `date_realisation` datetime DEFAULT NULL,
  `date_signature` datetime DEFAULT NULL,
  `delai` varchar(255) DEFAULT NULL,
  `devise` varchar(255) DEFAULT NULL,
  `impaye` varchar(255) DEFAULT NULL,
  `mode_payement` varchar(255) DEFAULT NULL,
  `montant` varchar(255) DEFAULT NULL,
  `montant_limite_credit` varchar(255) DEFAULT NULL,
  `montant_limite_financement` varchar(255) DEFAULT NULL,
  `nbr_facture` varchar(255) DEFAULT NULL,
  `nom_adherent` varchar(255) DEFAULT NULL,
  `numero_contart` varchar(255) DEFAULT NULL,
  `opnion` varchar(255) DEFAULT NULL,
  `prime_assurance` varchar(255) DEFAULT NULL,
  `renouvellement` varchar(255) DEFAULT NULL,
  `status_contrat` varchar(255) DEFAULT NULL,
  `timbre` varchar(255) DEFAULT NULL,
  `traite` varchar(255) DEFAULT NULL,
  `type_contract` varchar(255) DEFAULT NULL,
  `virement` varchar(255) DEFAULT NULL,
  `user_id` bigint(20) DEFAULT NULL,
  `etat` bit(1) DEFAULT NULL
) ENGINE=InnoDB DEFAULT CHARSET=utf8mb4;

--
-- Déchargement des données de la table `contrat`
--

INSERT INTO `contrat` (`id`, `date_limite_financement`, `assureur`, `cheque`, `chiffre_affaire`, `commision_factring`, `date_demarrage`, `date_limite_credit`, `date_pr_revesion`, `date_realisation`, `date_signature`, `delai`, `devise`, `impaye`, `mode_payement`, `montant`, `montant_limite_credit`, `montant_limite_financement`, `nbr_facture`, `nom_adherent`, `numero_contart`, `opnion`, `prime_assurance`, `renouvellement`, `status_contrat`, `timbre`, `traite`, `type_contract`, `virement`, `user_id`, `etat`) VALUES
(1, '2023-08-09 01:00:00', 'aaaaa', 'aaaa', 'aaaaaaaaaa', 'a', '2023-08-19 01:00:00', '2023-08-17 01:00:00', '2023-08-17 01:00:00', '2023-08-16 01:00:00', '2023-08-18 01:00:00', 'aaa', 'TND', 'aaaaa', 'Cheque', 'aaaaaaaa', 'aaaaaaa', 'aaaa', 'aaaaa', 'aaaaaaaaaaa', '1542', 'aaaaa', 'aaaaaaaaaa', 'aaaaaa', 'annule', 'aaaaa', 'aaaaaa', 'annule', 'aaaaaaaa', 4, b'0'),
(2, NULL, NULL, NULL, NULL, NULL, NULL, NULL, NULL, NULL, NULL, NULL, NULL, NULL, NULL, NULL, NULL, NULL, NULL, NULL, NULL, NULL, NULL, NULL, NULL, NULL, NULL, NULL, NULL, 4, b'1'),
(3, '2023-08-09 01:00:00', 'aaaaa', 'aaaa', 'aaaaaaaaaa', 'a', '2023-08-19 01:00:00', '2023-08-17 01:00:00', '2023-08-17 01:00:00', '2023-08-16 01:00:00', '2023-08-18 01:00:00', 'aaa', 'TND', 'aaaaa', 'Cheque', 'aaaaaaaa', 'aaaaaaa', 'aaaa', 'aaaaa', 'aaaaaaaaaaa', '0000000000000', 'aaaaa', 'aaaaaaaaaa', 'aaaaaa', 'annule', 'aaaaa', 'aaaaaa', 'annule', 'aaaaaaaa', 4, b'0'),
(4, NULL, NULL, NULL, NULL, NULL, NULL, NULL, NULL, NULL, NULL, NULL, NULL, NULL, NULL, NULL, NULL, NULL, NULL, NULL, NULL, NULL, NULL, NULL, NULL, NULL, NULL, NULL, NULL, 4, NULL),
(5, '2023-08-09 01:00:00', 'aaaaa', 'aaaa', 'aaaaaaaaaa', 'a', '2023-08-19 01:00:00', '2023-08-17 01:00:00', '2023-08-17 01:00:00', '2023-08-16 01:00:00', '2023-08-18 01:00:00', 'aaa', 'TND', 'aaaaa', 'Cheque', 'aaaaaaaa', 'aaaaaaa', 'aaaa', 'aaaaa', 'aaaaaaaaaaa', '1542', 'aaaaa', 'aaaaaaaaaa', 'aaaaaa', 'annule', 'aaaaa', 'aaaaaa', 'annule', 'aaaaaaaa', 15, b'0'),
(6, NULL, NULL, NULL, NULL, NULL, NULL, NULL, NULL, NULL, NULL, NULL, NULL, NULL, NULL, NULL, NULL, NULL, NULL, NULL, 'nnnnn', NULL, NULL, NULL, NULL, NULL, NULL, NULL, NULL, 15, NULL),
(7, NULL, NULL, NULL, NULL, NULL, NULL, NULL, NULL, NULL, NULL, NULL, NULL, NULL, NULL, NULL, NULL, NULL, NULL, NULL, NULL, NULL, NULL, NULL, NULL, NULL, NULL, NULL, NULL, 14, NULL),
(14, '2023-09-16 01:00:00', '4664', '4555', '55555555', '4565', '2023-09-23 01:00:00', '2023-09-16 01:00:00', '2023-09-23 01:00:00', '2023-09-16 01:00:00', '2023-10-01 01:00:00', '54465', 'EUR', '24541', 'Cache', '44444444', '6552', '455', '44', 'sssssssssss', '5555555', 'fffffff', '46646', 'fffffffff', 'annule', '645151', '545415', 'annule', '6516516', 14, NULL),
(15, '2023-09-23 01:00:00', NULL, NULL, '464', '58585', '2023-09-15 01:00:00', '2023-09-15 01:00:00', '2023-09-09 01:00:00', '2023-09-15 01:00:00', '2023-09-23 01:00:00', '858', 'EUR', NULL, 'Cheque', NULL, '8585', '82862', NULL, 'GHAZYYYYYYYYYYYYY', '984651', 'getg', NULL, NULL, 'annule', NULL, NULL, 'annule', NULL, 15, NULL),
(16, '2023-09-24 01:00:00', '54', 'erg', '684', '545', '2023-09-09 01:00:00', '2023-09-16 01:00:00', '2023-09-29 01:00:00', '2023-09-22 01:00:00', '2023-09-23 01:00:00', '96685', 'USD', NULL, 'Cheque', '84984', '685', '54', '654', 'erg', '684984', 'aerg', '6451', 'aerg', 'annule', NULL, 'rg', 'annule', NULL, 14, NULL),
(17, '2023-09-16 01:00:00', '685', '68685', '6855', '968685', '2023-09-10 01:00:00', '2023-09-29 01:00:00', '2023-09-22 01:00:00', '2023-09-15 01:00:00', '2023-09-23 01:00:00', NULL, 'EUR', NULL, 'Cheque', '655', NULL, '986859', '8685', 'hhhh', '65', 'hhhh', NULL, 'hhhhhh', 'annule', NULL, '96858h', 'annule', NULL, 4, b'1'),
(18, NULL, NULL, NULL, NULL, NULL, NULL, NULL, NULL, NULL, NULL, NULL, NULL, NULL, NULL, NULL, NULL, NULL, NULL, NULL, NULL, NULL, NULL, NULL, NULL, NULL, NULL, NULL, NULL, 4, NULL),
(19, '2023-09-30 01:00:00', 'ghghg', '598461', '155687461', '8648965', '2023-09-28 01:00:00', '2023-08-30 01:00:00', '2023-09-30 01:00:00', '2023-09-13 01:00:00', '2023-09-13 01:00:00', '59864315', 'TND', '15', 'Cache', '18645681', '54984', '49864351', '2', 'shedli', '1', 'jgvs', '48468498', 'anuelle ', 'annule', '486', '1484', 'annule', 'espece', 21, b'1');

-- --------------------------------------------------------

--
-- Structure de la table `facture`
--

CREATE TABLE `facture` (
  `id` bigint(20) NOT NULL,
  `date_creation` datetime DEFAULT NULL,
  `debut_periode` datetime DEFAULT NULL,
  `email_respo` varchar(255) DEFAULT NULL,
  `fin_periode` datetime DEFAULT NULL,
  `montant_facture` varchar(255) DEFAULT NULL,
  `name` varchar(255) DEFAULT NULL,
  `nom_respo` varchar(255) DEFAULT NULL,
  `num_facture` varchar(255) DEFAULT NULL,
  `periode` varchar(255) DEFAULT NULL,
  `tel_respo` varchar(255) DEFAULT NULL,
  `indevedu` bigint(20) DEFAULT NULL,
  `user` bigint(20) DEFAULT NULL,
  `approved` int(1) DEFAULT NULL,
  `contrat_id` bigint(20) DEFAULT NULL
) ENGINE=InnoDB DEFAULT CHARSET=utf8mb4;

--
-- Déchargement des données de la table `facture`
--

INSERT INTO `facture` (`id`, `date_creation`, `debut_periode`, `email_respo`, `fin_periode`, `montant_facture`, `name`, `nom_respo`, `num_facture`, `periode`, `tel_respo`, `indevedu`, `user`, `approved`, `contrat_id`) VALUES
(1, '2023-08-30 02:05:34', '2023-08-30 02:05:34', 'GHAz@email.com', '2023-08-30 02:05:34', '100000', 'ghazyEntreprise', 'ghazy', '102512', '6 moins', '58258456', 2, 4, 2, 2),
(2, '2023-08-18 01:00:00', '2023-08-30 01:00:00', 'Ghazi.toukebri@esprit.tn', '2023-12-28 01:00:00', '12500', 'GHAZYGROUP', 'GHAZYYYYYYYYYYYYY', '25222', '12 moins', '50350069', 2, 4, 2, NULL),
(3, '2023-08-17 01:00:00', '2023-08-11 01:00:00', 'Ghazi.toukebri@esprit.tn', '2023-08-28 01:00:00', '12500', 'GHAZYGROUP', 'GHAZYYYYYYYYYYYYY', '25222', '6 moins', '50350069', 2, 4, 1, 1),
(4, NULL, NULL, NULL, NULL, NULL, 'aaaaaaaaaaaaaaaaa', NULL, NULL, NULL, NULL, 2, 4, 1, 18),
(5, NULL, NULL, 'Ghazi.toukebri@esprit.tn', NULL, NULL, 'GHAZYGROUP', 'GHAZYYYYYYYYYYYYY', NULL, NULL, '50350069', 2, 4, 1, 3),
(6, NULL, NULL, 'Ghazi.toukebri@esprit.tn', NULL, NULL, 'GHAZYGROUP', 'GHAZYYYYYYYYYYYYY', NULL, NULL, '50350069', 2, 4, 0, NULL),
(7, NULL, NULL, 'Ghazi.toukebri@esprit.tn', NULL, NULL, 'GHAZYGROUP', 'GHAZYYYYYYYYYYYYY', NULL, NULL, '50350069', 2, 4, 0, NULL),
(8, NULL, NULL, 'Ghazi.toukebri@esprit.tn', NULL, NULL, 'GHAZYGROUP', 'GHAZYYYYYYYYYYYYY', NULL, NULL, '50350069', 2, 4, 0, NULL),
(9, NULL, NULL, 'Ghazi.toukebri@esprit.tn', NULL, NULL, 'GHAZYGROUP', 'GHAZYYYYYYYYYYYYY', NULL, NULL, '50350069', 2, 4, 0, NULL),
(10, NULL, NULL, 'Ghazi.toukebri@esprit.tn', NULL, NULL, 'GHAZYGROUP', 'GHAZYYYYYYYYYYYYY', NULL, NULL, '50350069', 2, 4, 0, NULL),
(11, NULL, NULL, 'Ghazi.toukebri@esprit.tn', NULL, NULL, 'GHAZYGROUP', 'GHAZYYYYYYYYYYYYY', NULL, NULL, '50350069', 2, 4, 0, NULL),
(12, NULL, NULL, 'Ghazi.toukebri@esprit.tn', NULL, NULL, 'GHAZYGROUP', 'GHAZYYYYYYYYYYYYY', NULL, NULL, '50350069', 2, 4, 0, NULL),
(13, NULL, NULL, 'sabri.krima@esprit.tn', NULL, NULL, 'fff', 'fgff', '25222', NULL, '50350069', 2, 4, 1, 4),
(14, '2023-09-16 01:00:00', '2023-09-08 01:00:00', '@', '2023-09-22 01:00:00', '2252', '55555555', 'jhhhh', '5555', '3 moins', '5555555555555', 8, 15, 1, 7),
(15, '2023-09-08 01:00:00', '2023-09-30 01:00:00', '@pio', '2023-09-20 01:00:00', NULL, 'sfgb', 'sfgb', NULL, '3 moins', '75245', 8, 14, 1, 5),
(16, '2023-09-16 01:00:00', '2023-09-17 01:00:00', NULL, '2023-09-09 01:00:00', '55555555555', NULL, NULL, '4444444444', '6 moins', NULL, 9, 15, 1, 6),
(17, '2023-09-10 01:00:00', '2023-09-02 01:00:00', 'kkk@gmail.com', '2023-09-23 01:00:00', '55262', 'tgretg', 'rtgrtg', '+5984', '6 moins', '544358', 2, 4, 1, 15),
(18, '2023-09-17 01:00:00', '2023-09-23 01:00:00', NULL, '2023-09-22 01:00:00', '556515', NULL, NULL, '5464', '3 moins', NULL, 9, 15, 1, 16),
(19, '2023-09-09 01:00:00', '2023-09-16 01:00:00', NULL, '2023-09-15 01:00:00', '46468', 'g,g,g,', 'jjgjgjg', '68858', '12 moins', '65989', 2, 4, 1, 17),
(20, '2023-09-22 01:00:00', '2023-09-16 01:00:00', 'ali@gmail.com', '2023-09-30 01:00:00', '4684358', 'MG', 'ali', '654846', '3 moins', '646846546', 15, 21, 1, 19);

-- --------------------------------------------------------

--
-- Structure de la table `file_attachments`
--

CREATE TABLE `file_attachments` (
  `id` bigint(20) NOT NULL,
  `file_name` varchar(255) NOT NULL,
  `facture_id` bigint(20) NOT NULL,
  `file_data` longblob DEFAULT NULL
) ENGINE=InnoDB DEFAULT CHARSET=utf8mb4;

--
-- Déchargement des données de la table `file_attachments`
--

INSERT INTO `file_attachments` (`id`, `file_name`, `facture_id`, `file_data`) VALUES
(1, 'IMG_1162.jpg', 5, NULL),
(2, 'IMG_1161.jpg', 5, NULL),
(3, 'IMG_1162.jpg', 6, NULL),
(4, 'IMG_1161.jpg', 6, NULL),
(5, 'sssss.txt', 12, 0x646464646464),
(6, 'Nouveau document texte (2).txt', 13, 0x506f7572206e6f7472652070726f6a65742c206e6f75732061766f6e73206c27696e74656e74696f6e2064652064c3a976656c6f70706572206574206465206d657474726520656e20c5937576726520756e6520736f6c7574696f6e20646520666163746f72696e672071756920656e676c6f626520746f75746573206c657320666f6e6374696f6e6e616c6974c3a973206dc3a9746965727320647520666163746f72696e670d0a0d0a0d0a0d0a0d0a496c206578697374652064657320646966666963756c74c3a97320706f75722072656c65766572206c652064c3a96669206465206c27696d706c69636174696f6e206465206d756c7469706c6573207061727469657320636f6e6365726ec3a965732c2074656c6c657320717565206c6120736f6369c3a974c3a920642761666661637475726167652c0d0a6c6520636c69656e7420286d656d627265292c206c657320636c69656e74732028616368657465757273292c206c276173737572616e63652d6372c3a96469742c206c65732061766f636174732c2064616e73206c65732061637469766974c3a9732064202761666661637475726167652c20746f757420656e2067c3a972616e74206c6120636f6d706c65786974c3a9206574206c6520766f6c756d6520c3a96c6576c3a920646573206f70c3a9726174696f6e73203f0d0a20446520706c75732c20636f6d6d656e742073276173737572652d742d696c20717565206c657320666163746575727320646f74c3a973206427756e2073797374c3a86d65206427696e666f726d6174696f6e206164c3a9717561742064c3a873206c65207072656d696572206a6f7572203f0d0a0d0a0d0a0d0a436f6e63657074696f6e2c2072c3a9616c69736174696f6e206574206f7074696d69736174696f6e206427756e65206170706c69636174696f6e206427616661637475726167650d0a0d0a0d0a0d0a44c3a96d61727261676520c3a020726573736f72742c20616e67756c616972652c204d7973716c2c205250412c2055695061746820),
(7, 'Nouveau document texte.txt', 13, 0x5368616d617368203a0d0a5368616d6173682065737420756e6520736f6369c3a974c3a920646520736572766963657320657420646520636f6e7365696c20656e20696e666f726d6174697175652e205370c3a96369616c6973c3a92064616e73206c6520736d61727420736f757263696e67206574206c652064c3a96c6f63616c69736174696f6e20706f7572206465732070617274656e616972657320696e7465726e6174696f6e6175780d0a65742064696666c3a972656e74657320736f6369c3a974c3a97320696e666f726d617469717565732e706f7572206d6f6465726e69736572206c6520736563746575722064657320746563686e6f6c6f67696573206465206c27696e666f726d6174696f6e2c20616dc3a96c696f726572206c6120636f6d6d756e69636174696f6e20656e747265206c657320656e747265707269736573206574206c657320636c69656e7473200d0a6574206d657474726520656e20c59375767265206c61206e756dc3a97269736174696f6e20737572206c6573206d61726368c3a973206e6174696f6e6175782e0d0a200d0a0d0a0d0a506c616e2064e28099616374696f6e733a0d0a417072c3a8732061766f69722064c3a9676167c3a920657420616e616c7973c3a9206c65732064696666c3a972656e74732070726f626cc3a86d65732072656e636f6e7472c3a97320706172206c652070726f636573737573206465206c610d0a70726f64756374696f6e2c2063652063686170697472652065737420636f6e73616372c3a920706f7572206c6520706c616e2064e28099616374696f6e730d0a0d0a4f6e2072c3a973756d652064616e73206365207461626c656175206c65732064696666c3a972656e74732070726f626cc3a86d6573206465206c612070726f6475637469766974c3a9202872656e636f6e7472c3a9732064616e730d0a6c652074726f697369c3a86d65206368617069747265292061766563206c6575727320616374696f6e732064e28099616dc3a96c696f726174696f6e732e0d0a0d0a4ce280997574696c69736174696f6e206465206c61206dc3a974686f6465204b6169207a656e0d0aef82b7204ce280997574696c69736174696f6e206465206c61206dc3a974686f646520504443410d0aef82b720496e74c3a967726174696f6e2064e280996170706c69636174696f6e20646520636f6e7472c3b46c6520736f7573206c61207068696c6f736f70686965206465206ce28099616dc3a96c696f726174696f6e20636f6e74656e75652e0d0a2d2d2d2d2d2d2d2d2d2d2d2d2d2d2d2d2d2d2d2d2d2d2d2d2d2d2d2d2d2d2d2d2d2d2d2d2d2d2d2d2d2d2d2d2d2d2d2d2d2d2d2d2d2d2d2d2d2d2d2d2d2d2d2d2d2d2d2d2d2d2d2d2d2d2d2d2d2d2d2d2d2d2d2d2d2d2d2d2d2d2d0d0a737461676520696e673a0d0a41545320286170706c6963616e7420747261636b696e672073797374656d292c206f752073797374c3a86d65206465207375697669206465732063616e6469646174757265732c200d0a65737420756e65206170706c69636174696f6e20656e206c69676e65207065726d657474616e74206465207472616974657220696e666f726d6174697175656d656e74206c657320646f6e6ec3a96573200d0a72656c61746976657320617520726563727574656d656e7420657420c3a0206c27656d6261756368652e0d0a0d0a74616368653a0d0a6d6963726f7365727669636520225574696c69736174657572730d0a4d6963726f7365727669636520c2ab47657374696f6e206465732070726f66696c0d0a0d0a446573207175616c6974c3a9733a0d0a4c6561646572736869702020202020202020206c65616465720d0a4573707269742064e28099c3a971756970650d0a536f636961626c65200d0a2d2d2d2d2d2d2d2d2d2d2d2d2d2d2d2d2d2d2d0d0a4465732064c3a966617574733a0d0a4c656e7420202020202020202020202020202074656e6163696f75730d0a70727564656e74202020202020202020202020656d706174686574696320706572736f6e0d0a456d6f7469660d0a0d0a0d0a4d79206e616d652069732028e280a6292c204920616d2028e280a629207965617273206f6c642c204920616d20612028e280a6292e20492068617665206772616475617465642066726f6d2028e280a62920332079656172732061676f202c0d0a616e64204920616d2063757272656e746c7920776f726b696e6720617320612028e280a6292061742028e280a6290d0a0d0a0d0a4d6f6e73696575722c0d0a0d0a4a6520737569732061637475656c6c656d656e7420c3a974756469616e7420656e2067c3a96e6965206c6f67696369656c206574206a65207375697320c3a0206c6120726563686572636865206427756e20737461676520706f75722064c3a976656c6f70706572206d657320636f6d70c3a974656e6365732065742061637175c3a9726972206465206c27657870c3a97269656e63652070726f66657373696f6e6e656c6c652e20432765737420706f757271756f69206a65206d65207065726d65747320646520766f757320636f6e74616374657220706f757220706f7374756c657220706f757220756e207374616765206368657a2053756d726973652e0d0a0d0a4a65207375697320706172746963756c69c3a872656d656e7420696e74c3a972657373c3a92070617220766f74726520656e747265707269736520656e20726169736f6e20646520766f7472652072c3a97075746174696f6e20706f75722064c3a976656c6f707065722064657320746563686e6f6c6f6769657320696e6e6f76616e74657320657420646520766f74726520656e676167656d656e7420656e76657273206c612063726f697373616e6365206574206c652064c3a976656c6f7070656d656e7420646520766f7320656d706c6f79c3a9732e204a65207375697320c3a967616c656d656e74207472c3a873206f7576657274206427657370726974207175616e7420c3a0206c2761707072656e74697373616765206465206e6f7576656c6c657320746563686e6f6c6f67696573206574206a65207375697320636f6e7661696e637520717565206a6520706f757272616973206170706f7274657220756e6520636f6e747269627574696f6e207369676e69666963617469766520c3a020766f74726520c3a971756970652e0d0a0d0a4a65207375697320756e20c3a974756469616e742064c3a97465726d696ec3a92065742070617373696f6e6ec3a92c20617665632064657320636f6d70c3a974656e63657320736f6c6964657320656e2064c3a976656c6f7070656d656e74206465206c6f67696369656c7320657420756e6520666f7274652063617061636974c3a920642761646170746174696f6e20617578206e6f7576656c6c657320746563686e6f6c6f676965732e204a65207375697320c3a967616c656d656e7420756e20657863656c6c656e74207472617661696c6c657572206427c3a97175697065206574206a276169206c27657870c3a97269656e6365206465207472617661696c6c657220656e20636f6c6c61626f726174696f6e20617665632064276175747265732064c3a976656c6f70706575727320706f75722061747465696e647265206c6573206f626a65637469667320636f6d6d756e732e0d0a0d0a4a652073657261697320686f6e6f72c3a920646520766f75732072656e636f6e7472657220706f7572206469736375746572206465206c6120706f73736962696c6974c3a9206427756e207374616765206368657a2053756d7269736520657420646520766f7573206d6f6e7472657220636f6d6d656e74206a65207065757820636f6e7472696275657220c3a020766f74726520656e74726570726973652e20566575696c6c657a2074726f75766572206d6f6e20637572726963756c756d20766974616520656e207069c3a86365206a6f696e746520706f757220706c75732064652064c3a97461696c7320737572206d6f6e20706172636f757273206574206d657320636f6d70c3a974656e6365732e0d0a0d0a4a6520766f75732072656d657263696520706f757220766f7472652074656d7073206574206a65207375697320696d70617469656e7420646520766f757320656e74656e647265206269656e74c3b4742e0d0a0d0a436f726469616c656d656e742c0d0a0d0a4768617a6920546f756b65627269),
(8, 'sssss.txt', 14, 0x646464646464);
INSERT INTO `file_attachments` (`id`, `file_name`, `facture_id`, `file_data`) VALUES
(9, 'Capture d’écran 2023-09-11 001057.png', 15, 0x89504e470d0a1a0a0000000d49484452000001b40000020608060000003cde7aa5000000017352474200aece1ce90000000467414d410000b18f0bfc61050000000970485973000012740000127401de661f78000052ba49444154785eeddd0b7c54e59d3ffe0f616c8831048226847bd4d08486908b74a4c9621a11d750b27259418c8acb52af3ffc2b45fd2bd5ead25dd16257d65b4ba9b80614cba58535fe448cc812e91413624c494a6c07084948d4841043983a0cbfef73ce19980c49c815c893cffbf59acc9c33b773cecc793ee7fb9c3327fdeaea8e9f021111512f17605d131111f56a0c342222d202038d8888b4c0402322222d30d08888480b0c342222d202038d8888b4c0402322222d30d08888480b0c342222d2c2793df5d529e39dccb7336f131191aefaf5b36ea09fcfed9e735e024d85d72923c14ee1e449ef6d2222d25d3f49b2fefd8d5bc6ed9e0cb61e0f34955d1ecf290c1860c3a5977ee7bca43411115d3c540e1c3ffe779c38e1464040cf855a8fee43f3865960a00dc1c10c3322a2be48b5fd2a035416a84ce8a94eba1e0e3435e11e63468888a86f5359e0f1788c6ce8093d16686a7ad544bbdda758991111919105274faa42a767aab41eacd04e49129b134f4444a4a84c50d9a032a2bb9d872e47061a1111997a32177ab4cb918888a8253d91113d5aa1290c362222f2eac94ce8f1402322223a1f18684444a405061a11116981814644445a60a01111911618684444a405061a11116981814644445a60a01111911618684444a405061a11116981814644445a60a01111911618684444a405061a11116981814644445a60a01111911618684444a405061a11116981814644445a60a01111911618684444a405061a11116981814644445a60a01111911618684444a405061a11116981814644445a60a01111911618684444a405061a11116981814644445a60a01111911618684444a405061a11116981814644445a60a011119116fad5d51d3f65ddee561ecf29b8dd1eb85c27317264a835962e6a6ea0a408c8d92fd7d540c197c05ed9e4c9880012e5326e0c903e0e187aa9f5787f1ec05908ecfe1a68b2460d1e2ecf97e70cb086db5427ef5d0054c9eb28413679df642076a0397c4e32fd7be5f905f5d6b0080a91f7bf061824afd52e32ed9b641eeaac6930c832484a906919620d77945a2eb25c77cbf2f42e1765b02cd38cf8762e1b71a414c82d3ff31a41dfb196cf65d6880e3a219f714ebe2caf23b2dce49273dc5cd63f0897eb48b996cf2d71641bd3e7b7ac8ccf6b623ba7a785653258de3323aefdcb837aa7f2f27a0406f687cd168080807ed6d8eec14023c3096928576c00964a23752e0b24209ef84720cabfe59140d9f43a30eba0352c2649839d335b02a51d7d0127be90e7ae91c75bc3cadabb8179d2a8b6879a8705bf02d659c35ebf5928e3475b03e77042c27cda7f4b7058c35e19df0736fe481adbcef46948703c20d3f5f2dfad614b628cbccfbcf62d1b7c239f8fbcc64f24f47ddd7f23f08b7fe86008c874ecde2ecffd4482cc1ad59a2809f165d3e433186b8df071d6b292f9303e2fd9883927f9aee4c873a7fdcd1a1693244073e6b6737950afd59381c6af0ee1e83ee0b655ed0b3365f5a7f278093fa75f037d41c9167f89b4cefe61a66c92f1477d2bae4ec829063ef1a9fc3aa244aa18ff30eba8a3d2f06ff40b3365ad5439ce13d6407bc86337bd2dd5573bc24c71ca77e2b66cf9cc25bc882e760cb43eee449504d92669e43ad8e0ef2e95e77d6cb48f1707a9607224985b9223d35a22f777c9715946126a1d9edf63f2fe9f59b73b4baa994f5457ae35e8eba87c7eb987ad817391cf78f7ff952ab8a3e124cffb57f98ee4b6738387e84261a0f5655235e47e20d5835f2b3d6934f0ee1d40dde340d352a06aa154026adf9975bfd73ad9c4dfdbd5a0e82647be900aa6b56991f11bbba1c278b9402a1609b68e50fbbd564ba875c5892f254c7dbae6fca9fd58eda9408fca32fa8554d7cd480bf0c4f5c0be07e5b3fe997ce60f01053f0216f8ef279565b84936182e9a0d18a21630d0fa307550c05abf867ee6355251dc05648c050649a3366080049904dcbcb95225dc08245a8f3348439d7bc8ba7d214930ab0aa6ad2e34d5edd8e52ed27304cb59a4f5cfdd23d5a135d8594ea90cd74a95d69a5c09cd8216ba239b91c02b90409642eb0cf96c37de0d2cfb21107b850cdae4331f229ff1b5c06fee95f09371be364aa0555d4cddcc447e18687d98eaae6a1602d2a02d489146ada52302e59b1265077e12690d5bf6c96b5ce8ad7615cc1b0f5803ad701e94865fa6b5abd64a8573a49d8dfa5199a6d55d7d4fa908738bceb18ce5ce4d7fb16eb7461e53e2372dea08cb0cbfcff3b4c1f25db8aef906cc11094d67a33540741162a0f5614dd23835ab1e648b7d709075bb25ea30f128a9d8e47af1f7a52aba5f1af8eb3b78845d7793caa3e433609d6f979b54190552793ce137619be47127dad135d796922f8077db13526abf97849fffd1921da50e06d9e45b7dc91abbf65f24c0fd8eda5cab2ad0b6524fa6e7a8ef6f0644a43af8b88d1660d048205daaf474b95e3b53aab387e5b6041dd1c58a81d6974925d66cbf985403ce06eb762b62a7c8639602bfc80426b5b6757f3e7d23a1e17730c8bc38f37754d3fc0e3557078d74c73ebf75f9120ee7084655356eeaea7e3b09a182c2e6a11825e1326904f08309328fd6384555db396d1d1c226bbaea52f4e5fcf21c012fe1b54c42ec4375287e92b92143743163a0f56183a5921967dd3648e3b6faa3736ce94ba3d6a9df62f5107530c85adf832e64daa6a91f724be31d9b006458a30d9d3c38649edf0faa55807ed2d6117fb21c4b24f456fb86854cd7820e5637c6c120327fbe664a9045c96730345a6efb1db8d1e6c121f29c28bf9f83aaaecc3697870ac10b5a7e13750c03ad0f1b2455cc24bf465135d6573e0bfc648b59d11ce9624573b45e1af7bfb5efb257aa8c731ddbd04c0b078344a9b3995807330c1a258dbedf810d1d3e3844d69074bbbc8e356850fbacda3a845f6662a3dcef2b5daa46ef74b5975396ff6adf8341e4b3ca90203348384d8bb16e5b72259c5a3d3844022df64aebb69784dfbf664bb5f7aabccf1f6539569ca3623b17796e95bc464b9f6d4b17ee8fa3eec63385f465d200ed95e04af23f94db9f3486f78f9506395e2eeae8c7960e1a51a4f1f53f534857b575a69013d278aa3370f856428b6f067e718d35209c5271267d28c16a0d2b6dbea68482ffd92f362e90eb6d7ef325d596da4f97d8c2699e9c1f4b487c201b03d6b0f29bf912b6121ad7975a23449b670a390ebc2cf3f6804f25982e15e7464956efe35b3ab3cafd5292bef4036bc08fea06fd490b672cf1972e1b3aea7465ea3454eae8c7d6b4765695cee29942fa069e29847a867cfa89e9d2009e6b5f9834802f4bc5316b9db4e3cbcc1f541ff5ad1c2e10e7677edd7aaa82b9caba6d899446f236bf00de28555a872a1109f41f4c9406d71a34a82aaca5ee3a0922753e4adf305395d1b411d6403b190783f8756bce940d0adfc67e80bce6cc086bc0b25696496b15e80079ece2a97ef3d1027534e84f642360dc8b32dfabcc61a2de8081d6d70d94ad7aa9403ebc4ec2a03ddf0609b29f4bf5912e5be65d3efb4657c87babd351f94a978a27c9af3360c010992fbfae36f503e18e1e1c32542ad3dbfcf6a5a98343fcc3e3a884dc5abf20baedfbf2fcd6aada96b4703008a4524a1f65ddf61a20e324e47c0fec392a556b4e1bbf0d8cba56ee976af117ad54a8fe764b557afdabc00a09e9b676ad125d0c186864368c3700effe442e126c4f4800a49fa301de2b15c403ff2395c805aad4d4592f36fa9d812351c2cc79c06f5f8d34ee032e6fdee8ab307cd7ef608b7352d55f42f3d7317edbe61b1e126eea87d4cd4e5125413453056a47d6340944ff8341d4feb7a387fde64d2e4783a48ab21ee3b5a948c6b751810eba5a2ab585c0dfe649752e81b84082bacd633fe4b57ef27b79dd6eec4a26ea09dc8746ad3a51278da6346205a5528d4835d4d2be9297ee30f7af195ad887d62367db97f7c9c906a67534947c4449c87c922501f51d6b84a5c57d68f74a28a96e59099a9fa86ac5a754f19dbf131230b7fd569681759fa2f669fd421267808442eebaf6ed43737e2895e647124ad6708749f87e28d3dca1df8c49181fa992cf5ae6411dfdb8e24b6bbc8f58094235bdde65c6b3ed5367701f1af5b8132d9ca3708034888952952c9046e6c347a4b1f2ebba53d4ff4e3bdf5d51c66fbc7c1ac2ce50955caebc4e87c8f298258daeafddfbe47554e32f81b5f7d3e661a6826566ec39aa1f7f6a1f9caab0acc14e51afd1d6994324bc4ef857d61252ea1467193f9400fe3f52bdcd9469f76b1d54b5ebfbbfe6882e360cb4be4a1ab5127558f80669a49f918ae58db3f707353350b6bca512f985df3fdb747e258def79ee763ceb6090ce90e76fece89943646d51ffc0528a943364de37aadf7f4938ae95e5e94b1dc4f1830e764ea8d365f91f0cd219c699437c3e4f357db91f034ba5c28c94cf7b454b07b478c97c4625c9677dbd5f57adbcdeb97e784f742131d0fa287568f9b875c0bf4a63bc491aaa769da74f2a8ed870ebb6a5ce65dd385fd4c120fe67fb95124875732d38c725c3af7bb13307870c88046ebbda1ab0a8ff3ab05696e7cbbec16e93c725cbe33bb286c9f3cf3a1844a8eece96e6c7f732cf6f43e34885bc8ef7cc21c7249c5603d77f00fc5cc6ab2330db730ecec89180e45a33675576441711065a1fa5fedd7db3c3b75537559975bb3552cd9cf00bb0c8e00e36da5d641c0ce2f7e3e165374ba0dc6b9e21beadcbea1f4985653dc7200d7d870f0e91a0fac13540ba356890507cc0ef88cb49ea777b1dfc21b57130885fe534f307326ff7b73c3fbe97d5b74bb0f91dc873facc2112f8e3fcf6a7a97da2252d7433fb3a211b3afea13728d0ba41741162a0f5518364ab7e9adf8f82576c9346b08ddf1ca943d257975b031675cec4f31668521d9cf58f2ea5a1f63f2cbf3543a5b29ae537cfaad16fefd9f3bdd45182f3ce1156b749e8b5fa03f456a83383f8ff9b9859e38d3c3aa701dea3297da87f6c6aecf392ca74528c4c8f39daf4a56c086c97cfb4b58a4b922ce77ffdaa45a9d0fd8391e862c240ebaba4619a39d1af9193466cd6cb526d6c90c6ac481a58ab3b4e9d5350fd23d0dbde96f1e628937c7bd409803b74d04317b4f48f2e67aab3594843db2e1266ea0c18be4ad4c1212d1cd1d72699e174597651d6a0bfa1b2b19031c61a68af160e06193a5282c8ef87d3ad5295637ceb55775402f013ff30ff933ce755e0e58f71e6b4576a3f9904eb8ad7e5f3f63b4c7f9204666c0b674621ba5830d0fab05869fd7e218dafbf97a56a99f68e794ec77e4b81a01781eba5d16b166642fd33d08c169edf539cd2e0fb9ff07796045abb03551e1f3b41a6db1a34c8eb1907875883ed15152b555a2b41ba40859ddffeba73397a4802c62f586fb34e44dc5eaa729ce5b72fedf4c121b201b360aa5f57a928a9960d18d9584992600b7a523eef67e4735f27e12701d78c2ce4a5d7c97bb0c5a08b18bf9e7d9934c80b6e077ee3f7bfb5da63a66cf1bffc8fe7b181530783f8eda732fe954a07f753a9833a66f9fdae4d9d68b8c3673d0935c3f42c121cb3fc4e1a7c4eea609002bfee3d0990d327226e2f5581fa4dd39172795dab1b7968927cd637cb63ccc1f69369593b4f9e27cb8ee862c640ebeba4115c7017b0ef46a938da530dc83766d98fa4819332e77cfe7f2c756e43ff8341bcff4aa543e4f1e9ea79d6a0e198bc76470f0e91e5109b2ccbce6f0d5a2041dfe16eb916ce0ca20e2a49eac4feaaa8f1f2395ab7bdd47f18f09e39244aaaea8dff47824daab9f654b6936463e7937be535dbb99f92e842e29942e88cbf4ba5522a0d985c7265cb7eaf3a53887557ec1069ace32544ecd228b6d6604ba3e954076d4803edfde7c883d5fea471ed6b3cd5097fd5897dabacc637c806244a68c40e944ac39a26efeb064930a9df84b57bff992fa9c672fdcec3787a3a55b8c83cd479a7a1adf791c794c8f4aae5a4a6cb777a5be2944a70b7544ba7974d84bca72c53c838f5af7abcefa9c2729c4c4ba7fe81aa547b7b659a7c7f001d24ab5f865467fe07a9a81fa8e7ca347d2261ba5bed27f5f6bbcafb2f902a537529a7abe0f30bedd3fc97959a7fb5acda13e8f21cd585acdef7f4f290f9551566bbbe2bd46bf5e499421868444474def0d457444444e7c0402322222d30d08888480b0c342222d202038d8888b4c0402322222d30d08888480b0c342222d202038d8888b4c0402322222d30d08888480b0c342222d202038d8888b4c0402322222d30d08888480b0c342222d202038d8888b4c0402322222d30d08888480b0c342222d202038d8888b4c0402322222d30d08888480b0c342222d202038d8888b4c0402322222d30d08888480b0c342222d202038d8888b4c0402322222d30d08888480b0c342222d202038d8888b4c0402322222d30d08888480bfdeaea8e9fb26e772b8fe714dc6e0f5cae93183932d41aab99e20d78f88d43d6808fc0400c8fbf0e3fbe250e21c68862ac59b20d45015158b87c06628d7144172ff7becdf8b7379c68088ec6c2c7a723d666ddd15e4d4e6c5fb70ddb4a1be10e08c3ccc7e62375b0755fafe442c93bbfc1aa3d2e84d833f0d3d931e8e82221537979bd3491fd61b3052020a09f35b67bb042eb0e9787232939cabcc48523e4a40b157bb6e1a917f3506b3d84a83769aa6f4483c7b881634de6b8f673a1e0edcdc89130c3e070c4270ec3905edffa9fc0d7b52ee356535d233abc48e8bc6085d615de0a2d39032fcc8db1460ab7139b9edb8c5d758148bdef7ecc8c6285769ab5cc86df341f8bd3c3ac917431724b987d7b4928823a1c46deef7b24b29eb9154981d6e8dea2d5efa81b4d0d2e5c1212cceaac0b58a1f536b628a42407cb0d179c4ed66867b851215f66ea1d6c419d09335f0310d4dbc2accdefa80d410cb38b1a2bb4ae68ad421325efacc4aa3d6e44cf5c807b2795b75ca1796a51929b8b9c4f2a51d1e04650683022c6a5e0ae99de7d6fa6dabd9bf1fa1f9ca868348783468cc24d374f47ea686f6bd18803dbb7207b47158c5e119b0dc313d37df6e1298da8707c8c8d3bbfc0e11a3710128888a804ccba250563ced1e834553af0deef0b915fde88a6fe8108b9220237347b7fef16f92864ceed0fc74627aa653a6cc161b876ee3f63668c847b4d2e963f5f886aeb195e49773d8cac71e6ed8ebc4fc64c207feb21799f50643cba00532eb71e62688463f5afb0be14089b722b96de18698d179e52acff590e1cea798be579e1d2847d55888d6b7722ffb05b9a3373ba93ff29137312cf6c9d17bdf902d614359fde33d3e3f3b97ae773581c668eadc107bb6ad0e069a5326fe5fbd3d27b35fb0e04d810367602b2b2aef3f9ecdaf1f97664da4e3f36194b1fba0e6a49546f5f8de5efd763f8e4eb30a1e6536bff989a96642cbc2b0511b279ec9df6667c964f7b96f599f7b123babc18bb9cf23ed632f2be7eacdc77c9df0ab1af52be68f21ae3ae4f4756d249ecdaf0313efa4b2d1abeb52164d848cc9a3f03f1becd4f5d21d6ff77f3f71f77833c3765146cde79361f799af773383d5dcd2a37376af3b7e2f5adbeeb671466dd3103493efb0cbdd31d3f3d1d417b76c27144de5dada713a7e2be993108b21ed717b042eb4d3c2e54e76fc6c67cf9c2068461fcb856c2dc5385ed2faec1aaf70fe1d8e557237376026207b9716077f37d6f4d7bdec2b2751210b648a4cd96156f7a14822a0f61d32bbfc3ae06f331d5b96f63e5fb55f876741ce6cc4b41dae8fec63ebc67df2935565ad5d815bdb9062b3694e270c0304c9d6d47eaf001a82e7260e57f6c4689f9a0163549a3bbec9779d8556943f4f529c89c14864b8fc8fbbff41b090cbf277a0e61cb3be552a046215e42c8dd588b5dabdfc6f6afe4bea0708c4f8e42ec3073fb5685b2dae73866a031d8e1f7c9d970085fdb24f44203a50ef0170cfb9438a311aecdfb1465e6484353fe5e389aa42d19978c3409b3a6e2cdf8b7e773e1a80486c4a8fda09118e2aa8563dd1a3c757af97542653136eda84193942821122e5da10ed058a1be03c151c89c978eccc440d496e663e56bdeef49073fdf2e4e5bc5ce8fb1ad3a18e36459450448835e2aef632dab2157ab65186e2c7b0404235aed574e1c06f53177745957ec7460c741976ce8c9747ec71a6929f9a41441d766e0b107d3111f588ba2df6fc0e3cf6cc647278661d67d59b8f78630b80f3bb1e6973938603d473e7cac7a56deff4820a2d3529035cf8ef820f3b9ab764b55768eefe8d964b9bffd2b2c7b5bc2cc1d8a5835af31a1f856de37fbd997b17e9fb9cfcd57d1d65c14d9ae40525c18423c520deecec12bb9ecc5e92e0cb4ee909f838797bc605e1e7d19cbe50b5e0b5969326f446a2b79d6e0f81039b262874c9a8ea7efcb409a5dc2ea81f9c88a9395e9b00339fbd4a3648529fe52ae8391fa2fb722d39e80a4c93390952a8d90a7069f17ab4d42b9ce575d24a1f8871953614fb423f3c7539116350a3f1c676d453a3fc6fa22176c57a5e0a78b67638a5d0263c1022c9e2213d7e844ceced6562827de93e068b28563e69205983fc58eb469b7e2d107131001171ceff91ff41288f8dbe47517ccc0fc07eec7c289aa61a8c71f1d528584c42163ee0c648e575db152398d97f995e1d4116aa8a3ef23cf57cbed67f7e3e9a559486d569d59465f23cb40ae9bcaf05e9eb70be9103ef8a0ca686853d3126053c35b9c6890e94eba7d011e95e9ce9a2beffbe454c4cb6436ec9186fb88f5d44e88be793e9e7b524d63c6d9155007eccb771a0721c44f9b81b4c404a4a9aa373e1ca9d78ec425eac08d4e7cbe5d9ab6610958fc5816e6ab65f5981dc36594da502892441a3e492dc304181f2bc2655ad5b07a4c2796b5fa3e3cb648a651a653aa185f616937608e3d0a61322d5933a28d0ac78d51f8a73be4f58685237aca74dca43e7f99ff02a7f1140954a7b17113967a13164eb34bd04aa8cd357b31ca3e2b45539bdfd11654e6614bbe84564814e63fb1000bd5bcca727fface5108920d5bc7d6bcb3aabda0f8a958fae0adc8ba733e9ebecb9cee8a3f7e8a0af36eea22065a77f03dca512ea937a6e0de2577e3de149faeae665cd8b7af46ae6d181ad48882bd85d64556b7507373b0a454ad855269dcb5082ffcc77c640c6944434315caf63a50f085b9e577bc495d8763f8683338b6bdbe193be4352a5cb2257f9f346c71e1467fff0159915583386490acb8a7dfab101581a1c6ca5cb1bface5a3b60e96e133959961b282ffedccf30aaa0211a182bab21cfbac6e1643400492c6998d81123b6e98715ddb70dcb86e5587df471aca1bccc6a07561489d623ee6c0c70eb3c128fd0c8e3a59ea5109f8e168193e588a7c19c6e804fc53dc99e946501c66195d4af2d9e4b7f0b38cf6088ec14d29de6ea9ae891a6dbe4ec1866c6c7114e3409d04f2ed5998691f851059833bfcf97671da22c6c719dd8b86d0684c904a57be8da83d6a8c6959279675d0c494560ff51f337294754b0c0a362a40845fe1d3051b8a81467fbb4bd6136384bcde6c3cb77c111e9b1281a6867a592e8570e4974bc88aa6132daf036d38905f666c688db9fe3aa9f4cc714a505c3a6e5021f85599518dfa8a4e8c3bf3bd952a355a5dd737e2983182ba8a81d61da41a505b72decb4ca930a22f37bb2d5a568f0663a3d98db2dc5c64aff3b9e4995bd34d7fb7ba2b9a4ab1e9c55fe191a5bfc253cfbc8557377e8acfbe36eff28a9d3e15a9436d70d738b165dd56ac7872251e59b60105566172eca8f95ad5f979cddfebdd436dafcc0dc7ccfbe57537f93e6f9d0345c66bbb70a2d913fbe392ce7ca33afc3ec1187266e760ebc6a6985be975c5f8606f3d1c79aa610f4472badddcb7e87ddfb0213efb1a4d21619719d7e70ce3d6845a8d6c370849bdd1d80f696ba8c18e0ddbb0f2df5fc6c34bd720e7a0f9b976f8f3ede2b4d902dafa6eb7a213cb3a6c502bdd1b9dd688924d6fe0f1275fc613cfacc68ad53b9163f472748e77b9870df6df38084398314a82ca2fe46d6c717b1417ef05215bcec6173e18690f3d8c179ef7b9c816e473cbe5da3848a01ebbdec8c1ae9afe889f7d2b7efe1f327ed9fdb82fcd6f450f8ac1ccc552c92dbb1b4b1f4847dad840b8eb0f217b6d9ed1880c1c646eb6c6ce95c7f8bed7f3f25eea35ad9dfe67091968363ee3aec373cd9ef7b03c4fbd96ffc1189dd463ef73a64a2bfa835437a57243aab38cb1c69d67deb7f66bb3b1f5d150fb8d711d1672a9717d4105442275c1ddb22ceec6d30f4d47e6c450d85cb5d8be7a9bd185d6e9cff77cba089675c3eecdc6beb2a0712958fc8c2c2b59d79ebe47aa4debfe8ef22ef7da3a6f97b6572d6a8ded52d97090aa99ce1f06da05118871e3543f4d231c3b9bef0c6fcaff1d1e79742556ee545d92e5f8e2af72e58940923dd23a84ba16257ff659815c65d8b17a0d9e58be0d07028311363a01990b5210afee3b5883c37235262eca68d44b76faf5e91fccc5b3ffff0b786a432b073f8c8ec604d53b545a881d6a72bcd44119cfadc4c3cf6c6df38092b6b83d3e4fecc1f7395da535ba8c2a257ed235672a84d13148565d5ace42fcc177077e533136aa1df501c1484a34bbb6bc8d57f511b38236d4d49cb58fa443bc8d7c55b5cf3ec21ad434db9754838277b2b16ce95b709c0c46c8b068a4dd92813415f04d3538f855173edff3a903cbbaa738bf30bf5c51c9760cb77e8fd0507aa8d5cfb0d977b4056392a38d0d85031fe4a2a4d92ce5e203b5e25d1e8d64b3d79dce1306da051262bf1e19f2656fcacfc1e3cf6fc0768703dbdf5c8da7dea9923b47226da20abc91b8fa2af5e843d8f2761e0af63ab065d55bd8a25616afc061d298d5a2e9ab62ac7a6d1b1c7b2514de71401d396d1b67f5d1475d8739f1d22057e663f9336bb069a73c66d31a3cf54a316a6d61f887d4d64ee313859b66ab1ddcf5c859f132566e9269d8998395cb3660471d303cf59a0e9f122962a8595d567fb019afbebdd5dac7d0fdef734618ae958d01c3e509b821d10c26d328dc9019859000170a5e7f19cb576f46f6db6fc932da86a246f9189253f043ab411a638fc370595b2adedf8c4dc5556850470aae3dfb10ef0e918d8f7f50af2f9fcbeb9b8a51d15085a24d5b91e31bea08475850236a5d5558ff9f6a1f69211cef7e883c75e4e8e5518855c1d6e9cff77c6affb2ee2951571b3bfb50f4ae773966e317effa6ca0585afe8eb660580a329365b9373ab1ea67abb1ea6d99a7d5b20ebfa10e700a867d9a79c04c4754ef58834796bc80475ee259863a838176a1044462ca830b70eff45188705562db863c6c739e4044bc1d8b96ccb076328722f54ed91a8f0ac6b17c8734000ee41f1f8639e9e68a696e41aa0347e6236b5238820e1763fdba5c6cf9cc85e1f12978f03675249f128cf8dbefc6d2b93118238de31fdfcd458eb42297ca5673d623f33165a8f1a01605c5cdc6d38fa62375b40d5f17c834bcf705be0e0a47ea3cf55b9cd60e7a6943dc4d58382954a6ab1165f9653860ed0deff6f739ad11f985b2912062a79cddc004c5cdc0630fa6c03e42deb7d48982fc2a79df30d8e766e1a7b7f8ecc00fbf0ef7dd93200122cbef8db7f06fbfc9c36109a4a42e75b98663ca3d339011138cda3ddbb062f926bc7744be17c68ff2cf18333d0b8be47b32bc49ed23cdc5fa9db5088a8ac3c2fbd2adf9e9fce77b3eb57b59f790904933b0302d1c2147cde5a87e5a336e669cb9d1e73e896f8d478956bea36793e53e57be9fb3a3303cb01e25f9324ffb1b8ddfa1652d5e8039be07bf74981bdfaa2358a943f8c36ad25be5362cfba5542a2131b8776906a2b909477441f187d5449de242c1fb1266726bccf5d732cc8834c7559cf475f063f307eac151b8e19a0b7e9c1f11f53076391211d179c32e472222a27360a01111911618684444a405061a11116981814644445a60a01111911618684444a405061a11116981814644445a60a01111911618684444a405061a11116981814644445a60a01111911618684444a405061a11116981814644445a60a01111911618684444a405061a11116981814644445a60a01111911618684444a405061a11116981814644445a60a01111911618684444a405061a11116981814644445a60a01111911618684444a405061a11116981814644445a60a01111911618684444a405061a111169a15f5dddf153d6ed6ee5f19c82dbed81cb7512361b7393888860e44260607f23170202fa5963bbc77909b4912343adb14444d4979597d7f758a0b1742222222d30d08888480b0c342222d202038d8888b4c0402322222d30d08888480b0c342222d202038d8888b4c0402322222d30d08888480b0c342222d202038d8888b4c0402322222d30d08888480b0c342222d202038d8888b4c0402322222d30d08888480b0c342222d202038d8888b4c0402322222df4abab3b7ecabaddad3c9e5370bb3d70b94e62e4c8506b6cf7fae61b172a2b8fca7bb8ad314444d4158181360c1b3608975d16688de95ee5e5f5f21efd61b3052020a09f35b67bf4ea40dbbfbf1a43878662e0c001d6182222ea8a63c74ee0c8917a8c1d1b618de95e3d1968bdbacb5155660c3322a2eea3dad4dedaebc57d684444a405061a11116981814644445a60a01111911618684444a405061a11116981814644445a60a01111911618684444a405061a11116981814644445a60a01111911618684444a405061a11116981814644445a60a011119116fa74a015bdf9021e5eb21adb6bac115e35b958be44ee7bb3d81a414444173b56684444a405061a11116981814644445ae8575777fc9475bb5b793ca7e0767be0729dc4c891a1d6d8eef5f9e715183f7eb835d4716a1fda9aa250642c598029e1d64845ed437bbe10d5f153f1c2ed7132a21107b66f41f68e2ad4ba00dbe0484cbd351353a282cdc7379462d36fb7e18f87dd70cb60d08828ccba630692069b779bef138c78fb4038f3abd01096804797c4e1f3e7b39153130efb24378af6d4a2499e1c129380bbe6a5634c90f95c3439b17ddd366cdbdf08599cf2daa37043e64d4833debb06db8dd70843fcc493d8975f6f3cc6363a0ef7cd8dc6177f90e795caf3026c88b04fc5a29931f0beecb9a69988faaeaeb6ad6d292faf4760607fd86c010808e8678ded1eacd0daa121ef7758f97e1582ecd3b1f4a1748c4315725efb1d76d5cb9d9e32ac5f91835d9581889f9e8eace95108aa7422fbc5ad28937039a311458e2a60e42824c585e3526bac0a254759286eb8250569630325670ab16a43b111324660bdb41939fb81f85b6ec5d207ec185377085b5edb820209d6336a51e64ac64f7fbe084fcf1d854b0e1663e5f2cdc81f928e9ffec7022c4c0e44f5ee1c64e75b4f6af7341311f51e0cb476385c5e2b7f031115178db06109c8fa970c2cbc6f06ae95c2b361571e1c8d40ecec2c644d4e40d2e41978705a98e4571976ec6d963a8898722b9ebe6f36b26e8a4388350e900af1ae19484bb42373c1f5b04b09d5545c863275974b12333c1cc3532574922311363a0599a9f2a69e2aecfbabf1644b24326f494088cd8690e414a45c6e8e4bbb295ac6852276b24cb78c29d967bc6a87a69988a8b760a0b54374bc54307061d76b2bf1d48b6f614bb11b11c343619371fbca54d885237ab41b0d0df5c605c387190172c079c878be2918e327445ab77d85aacc32058461884a3acf497cab8603a331e5f67f46d6776bb0e5edcd58f5e2cb58f9a12a0b61742d9e71098202ad9be88fef189faacf3819bec4ba2929d981692622ea3dfa74a05d62b4f22770bcc9183ca3c98de3eafa129b31681b37034f3f3a1d9993876148e397d8f5fe362c5ba6bae7240c54364002e7f9d578ea19ebf25a31d4e8a626df6ac766054d074825b65d426cf9ea421c90e08b9f7c1d32275afbed3aad23d34c44d47bf4e9408b8e5615930b4545cdab9203454e34c8756c749431dc70d8811c870bc9d36663d1e38bb028454a9fc632384ac3113e543d220c994b1fc60bcf5b97e5f371efbce9583c3bc6787ea77df1293eaa94574f9f894573d3614f8cc340775703a787a79988e802e9d381664b4c43c630a076e7062c7f33178ebd0e6c7f73355ed9d9080c4b4066a2d96777e48f9f62c78e6df8f5a662547c558622a7844a4018c60c07e26f48c0f0805a6c79311b5b1c8528d89b87f52bd6e0d575dbb0abdcacf03a6d503006ca55edbecf51f65515cab6bf85ec3de6e1225dd1a3d34c447481f4e940434024a6dc330399f16138b6af10ebd7e521675f2322e2ed58744f3a22aca5133df356644d0a4753c136ac58be15bb9ac29176d73f431d9f81a1e9787089544fa1b5d8b52117d9eb1cc8ff361219f7cdc79cb1e6f33b2d3c1d0be74521e2eb62bcbafc2dacfa13609fa8f67475514f4e3311d105d2a77f87d67bb9e176d9603b7d20081151f7e1efd0e83c62981111f963a01111911618684444a405061a11116981814644445a60a01111911618684444a405061a11116981814644445a60a01111911618684444a405061a11116981814644445a60a01111911618684444a405061a11116981814644445a60a0111191167a75a00506da70ecd8096b888888ba4ab5a9aa6ded8dfad5d51d3f65ddee561ecf29b8dd1eb85c27317264a835b67b7df38d0b959547e53ddcd6182222ea0a1566c3860dc26597055a63ba577979bdbc477fd86c010808e8678ded1ebd3ad08888a877e9c940e33e342222d202038d8888b4c0402322222d30d08888480b0c342222d202038d8888b4c0402322222d30d08888480b0c342222d202038d8888b4c0402322222d30d08888480b3cdb3e11119dc6b3edb7e07c04dafefdd5183a341403070eb0c610115157a8ff8776e4483dc68e8db0c6742f9e6dbf15aa3263981111751fd5a6f6d65e2fee432322222d30d08888480b0c342222d202038d8888b4c0402322222d30d08888480b0c342222d202038d8888b4c0402322222d30d08888480b0c342222d202038d8888b4c0402322222d30d08888480b0c342222d202038d8888b4d0abff63f5e79f5760fcf8e1d650c7556f5f8de5efd75b43169b0dc3274ec58f6f8e4188ce715f938be5cf17a23a7e2a5eb83dce1a4944d4f5b6b52dfc8fd53d6c4c4a3ab2e6a98b1df630372a76e7e0d94d65d6bd4444d41b30d0c4c0ab139094a82e2998b33803f620a069cf6728f2580f2022a28b1e03cd5f400c62a3e5da538f9aafcc51444474f1e33eb4f7eb117fe7c3987f7a37523d76bdb21a9b9c6198f9e47ca4da9cd8be6e1bb6ed6f84cc0e82468cc20d9937212d2ad87c785d21d6fff74ee41f76c3adf6bf254ec65db31310a636153cb528d8b0051bf7d6a2c9ad9e1b855977cc4052f5563cb1ba0c4dbefbaf4aad71a17158b4742ac6a8710d7958f98c030746d8f1f48329086928c3f677724f4f8b6d7024a6cec9c094abace5ebdd2f765534521b9dd875c47d7ade9a9cb9c85e5b8812b5cb302010d1896138925f8506ee4323223fdc87a605376a1d3978cf293747446342480db6bfb41939fb81f85b6ec5d207ec185377085b5edb8202973cc65386f52fe6c2517705663d94857bd306a2764f2e5658fbdfca36bd85ec3d8d1873b33c77610222be7622fbc5ad28bb3a1af141ea014e78f7d4951439d1a46ed43b5154698c82bbf4100ec8f5f0c45884341563cd8aad322d6e8cb0db91353d0623dc55c8792d1b6b8a1bcd2778fdb50cbbea82119b1c85ab07c9f0c16d58f19a84993b1c69b3d3316772288eec9530331f4d44a405069a287ae3053cbc445d5662d9862a34058763e61ca9885c52ce848763786a3ab2922311363a0599a9520d79aab0efaff2c4da4a1c565932f44ac40f0b47f48d33b070de742c9aaefa2c6b71b05ca55e28e2e3e5b963d371d78274dc7bcf5444dbac6ecda643283928d79e5214154b09171a881034a268ef211909ec2bad92bfa1981013868adc3c14c97bc5ce9e8f453353903439038b965c87d800178ab6e4a1c27886256814b29e58808573672075840b05b9c5a8f50423edae2c64da13609f96859f4c0bb31e4c44a407069a387394a35c16de8a9f2fcd42ea50b923301a536eff67647db7065bdede8c552fbe8c951f9a87f9ab2e3f5c1e8b09c3e4faaf7978ea67bfc2ca371ca8be221c1181ea1161183f417505d660fd332bb1fc950df8e8481886861b77223e7194fc75a1a4ac06f8a20c45529ec5de3815c9f294dacf4a25a0cae43e79487814c687d7a264bf4ace51484eb6ba3a95a064248f93ebba7294f8eeefbbea6a24a90ad0e0946094abcba3611f6d8e5142c68e92292422d207034d9c39ca512e63231164b3ee904a6cbb84d8f2d58538a02aadc9d72173a24fa0201c531e5c80c5f31270edc84054971663fd8babb132afd6b837227d019e7e301d1913af80ade610766cd880a75ecb33bbfaa2a3a4ba02aaf797a1c0e86e8c944a2e1af11324f0ea9cc8cf932092900b1b7735228c57eb8000ef0c286e337cfd3f6919bec4ba4944a403065a5bbef8141f554aa8a4cfc4a2b9e9b027c661a05b75235adc3528cacd83332c1d3317ccc7cf9f4c81ea493cf0a7cf51abf6c715e7e28383a19832f3562cfed9dd987395dce92c854355538171881fab86f3b1b1c80d448dc238c9b231126aaadb71d7ff144bf005223e4e557261881dab82f410f2f37df69735e5237f9f5c0f1e89d8cbcd51671b89aba3e4aaa612078c9d74a686d243a8b66e1311e98081d69641c1182857b5fb3e47d9575528dbae0ef290f0f16a2cc38e0f4ab1e9f5b7b0e3600d2a8afe86c3323a68e43089a063d8b7b310bb7e9f83553b9da8ad2c46d111b933381ca38dbebe4024c747cab51b4d12346326c4499089d13146b7a35bbd4dd028c45add84c3d353102f9956b2610d566eca43c1ce1cac7cfe63947824f43253d0faf148a1b8362d0a41a8c1c65f6f93f9a847edfe6df8f5bb66154944a40b065a5bc2d3b1705e1422be2ec6abcbdfc2aa3f01f6893e7b9e4253b0f01e3be2077f899c97b2b1e2f75f222cfe3a2c9aa9eab430a4de350399924207dedb8c65bfccc381c1a330e79ee988b696ba2d66947978be3c3629de3af41ea3cc6e4711141f63547c86a038cc5f3c1d19636d38ec70207b6b290edb2291714f16e6c7f976839ecd366e061ebb2b0611756a3e5663d9eb4e0cb48fea78572611d145ac4fff0eadf3dc70bb6cb099b94344a415fe0ead4f619811115d6c18684444a405061a11116981814644445a60a01111911618684444a405061a11116981814644445a60a01111911618684444a405061a11116981814644445a60a01111911618684444a405061a11116981814644445a60a01111911618684444a4855e1d688181361c3b76c21a2222a2ae526daa6a5b7ba37e7575c74f59b7bb95c7730a6eb7072ed7498c1c196a8ded5edf7ce34265e551790fb735868888ba4285d9b0618370d96581d698ee555e5e2fefd11f365b000202fa5963bb47af0e342222ea5d7a32d0b80f8d8888b4c0402322222d30d08888480b0c342222d202038d8888b4c0402322222d30d08888480b0c342222d202038d8888b4c0402322222d30d08888480b0c342222d202038d8888b4c0402322222d30d08888480b0c342222d202038d8888b4c0402322222d30d08888480b0c342222d242bfbabae3a7acdbddcae33905b7db0397eb24468e0cb5c6f68c23478ea1befe38fefef793d698b67de73bfd111a7a29860e1d688d2122a2f3a1bcbc1e8181fd61b3052020a09f35b67bf4fa0aed6f7ffb0a5f7ed9d0ee3053d463d573d4738988480fbdba425395990aa601032ec1b06183101cfc1deb9eb63536fe1d95954771e2c4b7b8e28a900e546ac558b3641b8aac212f5b702022c65d83b9d3ed181e648decb56ab0fdf96ce4d4842263c9024c09b746f7b49a5c2c7fbe10d572336862067e7e4b8c39be0525efacc4aa3d6eb9759ea79188ba8c155a2b5437a3d2913053d463d57314ef6b744c1852e7a5234b5d6627207e3050b1270f2b5ecb45b5c77a08755a53fe5e14b8ac017fae7cecca57614644d45caf0e346f376347c2cccbfb9c8e74559e7119ae4e4c4092bad825d41e9c8f39aaa0a82cc47bfbcc47501778aa90b3fd9035d05c83e3739470a381885ad0abbb1c3fffbcc2b81e3f7eb871dd511d7fbeb7cb7114e63f3f1bf1d658a57afb6a2c7fbf1e113766e151d507e6a945c1862dd8b8b7164d5250d882c3903c3d03b392c361339ee1edda0b46bc7d200e1756a156aa12dbd028ccfd97e918befff758b3f510aad5b8d070a4ce9e81cc9860e399862627b6afdb866dfb1b218b19b6c191983a270353aeb29675f1063cfc8684c255d1487539f1c7c36eb86dc188bd7e2ab2525cf8e0f58fb1cb29cf0db021222e05f36f4b4684b1797366ba92a68c44ed9e521ca897d1f2dc3113edc8ba3901613e9b41b57b37e3f53f3851d12803361b86274ec65d33e531e64ca2e8cd17b0a608884e4980adac1865f2ba535bea26f4763906d910240bac29281a0b7f361db1be9b5c9e32ac7f662b1c8df29820794c935f97e3b99609115d70ec72bce835e2c041d5ea03114355eb2aa1f0e21a64efa945504c02e6cc8e4354402d1c6f67e3c5dc1ae3716734a2a818b8e1be05583c3b12971c7122fbd99558bea91eb1776461e9c2384434d460c7ebbfc32ef32d005729b2976f464ea91b11760999e95118d22055cd6bd9c8dee7d757f7d73238afbc098f3d3a1d69e18d28797f339ef8590e1c410978f0c95ba5b2ec8feaa28fb1725399f504af46146c2fc5b1916afa13103f48e671772e56ac2d4693f588eadcd558b64ec22c68143266a720edcafea8d8938b65fff5b1b12fcc57595e214aea83119d3cb2edfd8c2131b08f93eba632ecdadb7c5edc7b3f9530931be3e43121e6b8d33ab24c88484b0cb44ef9065fec2d448171c9c3a697d6607da98cbe3c0e69d218bbf33f444e251014978ec577a6c36e9f8a7b975c67541b153b1c7e5d6636d8e7de0afbb0500cb7cf942a4c46c9fdc3a7494536361c6163a762566aa059f1159b8956b1fd631448c31e31652616cf4c41d2e41978f49e3884c185820f3e4583f128cb083b7e3c3d1a6197472373661c8c1c088c46d69d760c0f89847ddeb58895514d45a5f08fb433d39f8ef94b326097206a2a72204f65b22b1f5ba422858459d6a2d998222192b9d0dbf5fa1976a8e5e12bca8ea5cf2cc0c2b95311eb1f46cdc8f298140d957925bb7ce7a516bb7655c9b5ba7f3c2e35479ed6a16542445a62a0758a34aeeb72916d5c1cd8557112c3e3ed58b4682ac6c812ddb7cf6c78e32725180db3212819c946e5510967b3222d1843c2ac9b084490b53b7048d8e991080a1a605c3735a94aa30625fb54991286941f441ae30da3c723e972b93e5c8532dfc00c0b35434c09b2994110127ca6db30301097a86b796d6fe5650a843dcd67fa03629014affa11ebe13c28d351e6348239287e02924e3f2818f6a45172ed46d941b50cce889d784db3aeca36c54c807db05c1f2ec64707cd51a8fc14bb0ecbf58864644855d95c07970911698981d6296a1fdac37861a15949e09261b8e196148c31066a5073445dbbe158f5021e5e72e6925dacc637a2a64b3f7fabc16123106bb1e919dfd77f0bdb8dd7ad476db7fcbc6e002e3d1d54a68183cc7d78b5f5f5a83e62568b4d8ead3ed3209775e6c11cb5355f1bd75e97044995d96ea39071a30aa646ecc8cd97252955d6fbc532c7128ca9d79c09e8d3ced73221a28b1903ad2bc64ec51c55b5341dc27bffeb2dbb0231c068f78391ba70019e7ef2ec8bd12dd76952c519411389998fb7f4fa7391a6aa922e3b81e3cd4b36a9104f18d761a1a112766695149632bd856990cbec2ecd246c8989461727f67d8e5dce4ff1913a7a34281aa9892d05e3f95a2644743163a0754920e233938d6ec6ea0f3e84c30880504c8853dd858dd8f7977a8484845a171bca3665e3dffe2b074547d5e33a2b1af171aaebaf0a255fd8cebc7ef071fcef6babf1ec6ff3e0fcd67c64d7b85054e473e8bce7108a3e575d9e61881e1b8890b868a863436bf739f175b0771e4361fbe2033cbbfc6dbc5da4eaa92e088841aa5d6d19d422e7d70ea8e351c3ec139a1ff578daf95a2644743163a07555680a3253a5e1f55461cbbbe6611521a93722639834c53b3760d91bb970ec7560fb1bd9c82e76e19291e311dfc56a21767a3ae2e52d4bde5983159bf2cc0353fe6b13b64b9118f6bdf188ee48ef5e1b6a776ec5abdbcb50fb95133bded88a1d755224d95390a68e8297f9ceba516ed41563e5f31bb0dd5108c7f60d58f1f62134d986c01edff5d3770c4f8d3342d3ad7e471d10898c296aff5ccbced73221a28b1703ad1b8c999a82f820b53f692772d4fe33697ca7fc9f2c644d0cc3b7658558bf2e0f3992756326a563f16d71670eb4e8aca038cc5f3c1d193136d4ee711807a6fcb12e18f1d367e0be293e07457489fa1d5a14beddfb9e545c9b91536ebefed2d9d1d6fdea88c23bb1746e1486bb2a91b32117eb3fa80446c720ebc1d9c6f2e83209cd8c89e60fda82921391d456289d9765424417b35efdc3eabffce58871a68f2bafbca2c3670b51e773fcdbdfbe34cebcffddef0eb5c61211514fe20fab5ba1fe058ca24e34ac02aabdbc272756bcaf414444bd5bafff7f68ea5fc0343676ee4c10c1c18152ddf1f03722a2f385155a1b5420a97f01a3ba0edb4b3d563d87614644a40f2dfe63351111f50eacd0888888ce81814644445a60a01111911618684444a405061a11116981814644445a60a01111911618684444a405061a11116981814644445a60a01111911618684444a405061a11116981814644445a60a01111911618684444a405061a11116981814644445a60a01111911618684444a4857e7575c74f59b7bb95c7730a6eb7072ed7498c1c196a8ded5e4525c0affe1ba8abb746101151970c96e6faee3b80f8586b44372b2faf4760607fd86c010808e8678ded1ebdba4263981111752fd5a6aab6b537ead581c6302322ea7ebdb56de53e342222d202038d8888b4c0402322222d30d08888480b0c342222d202038d8888b4c0402322222d30d08888480b0c342222d202038d8888b4c0402322222d30d08888480b0c342222d202038d8888b4c0402322222d30d08888480b0c342222d242bfbabae3a7acdbddcae33905b7db0397eb24468e0cb5c676af79f7593788bac315c06db7003fbc1ab8345086bf058e7f0d7c9403acfdd47cc8b4fbe531df931bc764dc63c0bbe6e81ef3c8b340c240e0e89f81fb5eb646129d07eb5eb16e74b3f2f27a0406f687cd168080807ed6d8eec10a8dc8f2e37b25b024ac2e71017f2e908b84d9a54365dced72df78f3311595c001752997dbe6a81e55a1dec77a4f226a1b2b342265b66c91a6cbb584d8733f050acdb148f857a99292e4c661f9befdbb398ea82fe88d151a038d484cfbff80dbc602c7f703fffa9fd648e50ae0961f48b5f6895cbe9461a9d6d64d92eb23f2fd7bc6780420d5db233324fca49a33488557f10d307c88cfeb799f77545ee7243076b0548232785c5ee79d5f01dbd46bb7e0c74f0269f2ba15bb81256fca884ebe0e5147b1cb91a8977a572a30e5d228e07e15185e1210effcc10ab39648e03d2121a3c2ec5ba9eef638800312682acc5a3448424812e8cf2592491248970e9320bdc3baaf23baeb758834c240235236003ba4ca51e54e8aaa825e027ef36f125677cab084566bbe375d2e97c90d09b35ffe542e6f008f3f2641d364de7f1609bb6d2b80e75e06ee7bdf38ee04978c902ad0bcb7fdbaeb758834c24023b2fcfa19b948389449b01d57558f5459dfb34bc5260135df3a28c49fb79bf1cb2fceec77530acbad1bfeea80b5de6a2f07a851d78146c1d531ddf53a441a61a011f9d8f107e02909b67f7d1078f03f813d2a348280a95289b524d8665effdd635e7b1d950a8a88ce2f061a91f8f162e037bf946b9feec52ff703bfdc25d59a1a906a6d9a31b6b903522929e1e1e6b557f460eb06119d370c342271c940183fa6fefe6dc6711ea7250c93f1ea463df027634c73db3e350e38c42557014fcf369f9b7627f0c311c6dd44741e31d088c43b52891df548788d057ef1efc023124a4f2c051eb29bf7ff59ee6ff140c7ddc0af77481527cf8d4e075e7c45aa3cf51c759406119d570c3422f1e507c0536b80c24ac9a260a9cc2494be27e5d6b74780777f0bfc3cd77a600b8e9600bf5c29a128c196e790eb57e5e2b4ee3c695d13518fe30fab89bae0e6c5c02d5749a8f99d6bf121a9f2260e020e48103ebec11a49d48bf087d5447dccef3f31bb2a077d0f78e551e0fe3b817f7fd60c337c23151bc38ce8bc61a01175c56ee0a977a4123b2aa1361a48b103632e93903b08ac79bee7cfc64f4467b0cb918888cec22e472222a20b84814644445a60a01111911618684444a405061a11116981814644445a60a01111911618684444a405061a11116981814644445a60a01111911618684444a405061a11116981814644445ae8d58136b867fe2b0d11519fd65bdbd65e1d6877dfc1502322ea4eaa4d556d6b6fd4abffc1271111f52efc079f444444e7c0402322222d30d08888480b0c342222d202038d8888b4c0402322222d30d08888480b0c342222d202038d8888b4c0402322222d30d08888480b0c342222d202038d8888b4c0402322222d30d08888480b0c342222d202038d8888b4c0402322222d30d08888480b0c342222d202038d8888b4c0402322222df4abab3b7ecabaddad3c9e5370bb3d70b94ec266636e1211118c5c080cec6fe44240403f6b6cf7382f81367264a8359688bcaaaa1a101919620d11f50de5e5f53d16682c9d8888480b0c342222d202038d8888b4c0402322222d30d08888480b0c342222d202038d8888b4c0402322222d30d08888480b0c342222d202038d8888b4c0402322222d30d08888480b0c342222d202038d8888b4c0402322222df4ad7ff0e9ae41c1fb1fe2a33d55a868344705858723397d2a3293c3613347f52eae7cac5afa314ae466ecdcfbb13039d01cdf5d0e6ec3532f15a301c1487be86e640eb3c653975d2cffe0b3e8cd17b0a6c81af0137fe7c3981f670d5cec6a72b1fcf942545b835e41236290f52f1988d5fa7fa91663cd926d280a4fc0a34bd211618dbd18f11f7c7687237978755936b27754e158780c32e7a5236b7a0c225c35d8f576369e5a9d2f8d76efd3e0f8dc0833a5c4f169b7cf4389a3d47acd46383e29336e918e02113f4dd609b55ef85cd2465a77f726a325c0ace9cf9c188a6f0f9762d58aad28f358f793b6fa46a0790e61cb6f1d286b9495f6cebbf1f47d19484b4c40d2e40c2c7a7c01b2e203d154fa315ecfabb59ed073aab7afc6c34b56637b8d35a24b6a91bf574d7330c206cb95b30cf9f5c61dddc3538aa26237102aaf2fdf94a6a25294f4f2464155230f2fd980560a923e6c00468c937542ad173e97311749e78a517d2d7901cbdbb3e2848e3a3dfd69b72cc05d136db23d5686bc7dd6fda4ad3e1168eebd79d85107844d9e8ef971c1d6584b4028923213305c6e1edeef449339b68734a2c2dbd7d91d2a3fc5aec3721d730db2beaf5a9e5a38f6744b521adc7bf7c2210b2464c25464aa6ea7a632387a73a3e0a9c2e123d66dea559a2a6a71ccbadd51b1e3cc7ef2ea23ddb76ed0c5a94fec4333f711842263c9024c09b74636e386db6583cddafd643e3e18f1f68170e657a121ccea97f6d4a3e4f79b91bda7164d52b8d882c390fc4f99989318663e51d4eedd8cd7ffe034f7d10506634c921d59372720ecab16faf74ff777bb51b1f377787d5b156a5d325e9e179b36155953a210643eb24507b6be8c953b5d88bde57e2c1c9d67befee0382c7e7caa11d086e20d78f88d43088b8b46448513257532e181a1b0cf9ad16cbacfe68263f5cb585f1a88b407ee476683f93a18771d9ebb2bd9677fa31bb5f95bf1fa566b9e6d360c4f9c8cbb66cb3c5b9b4beeaf0ab171ed4ee41f96e52cc34123a230eb8e19485255a5d25086edefe462dbfe46c85706b6c191983a270353aeb2be37d63c44dc988547bd1fa0ffb873cda7757f33f153f1c2ed176e07d1c5b50fadedf5a3c5cf78a67cc6d617a1d57546edb7de94838d7bcd75467df6d1fd9d283ae8f37eb25e95e5e660fd0edfef7f3ae6a6472324a006db9fcf464eb32c6a655abdfbd0fc3ed786bc3578eaf7b51873f3022c4a096d7d1d35beaf8d38b07d8bb16b424d8bf15dbc351353a2d486702bf7851562c532072a7cf75fd5e799e3108939cb6e85dd685bcab0fec9ad70201a0b7f361db1686bbed5e3db58ae758558ffdb9d701c516b141031711482f61cc201ee43d35d0d6a8cadf25084b7b8b22a67c2ec8c461439aa8091a39014178e4b654cd9a66cacda5d8ba009b202ccb3233e482aa2756f61fd7ef3196e693457ac73a2766802ee7df456cc4fb2e1c0ee5cbcf29e34a4a1b1c67ebbd4d1ea91d6fe8ae9b11822430d79d958b1b50a4d23e230675e0ad246b851f2fe66ac6aab0bd4532ad5985a0b22111f2f131f1e8764357f7565c83f683ca299dae24370abe99e1e858893f532dd9bdbeef6ac97eaaf54ae43a311afa6795c0ce2d5b765df7ee4abb7b5546f7f03cbde76a23a384ae62f05193181a8d8938b65afe79bd5ee915cbcf87caeac78c1489e9e8e3937ca8a57e944f6b36f19d51f9a8ab166c556e4ec7763845d4d5f0c46b8ab90f35a36d61477bc9a6d753e47269b9f999191614855fb5826f7c61d44e7df99cf78143266cb673c2e18d5ea33feaf5c5437eb82f65f67248cfe2b5b36001b3122752a163f3a1d3f0cac9430b31e6e90e7accdc6abef57e1dba16adfb61da943d5f77f2b9e5d5b2cdfa1508c97ef4d568ab9f11512a7d6bd148c6fe736b2fb2b07defe40ad4761888f0b6d7b1d150d79bfc34a999620fb742c7d281de3a0be8bbfc3aefa36ee93684a1e214fae3984326b2776c3676512664a158a8aad15e6a013fbe43b1f241b5db101e79a6f5f7ecbb5291fab9e9375aa2610496ad9c8771d7b25ccac47f7657d20d03a2f62caad78fabed9c8ba290e21b2c5b5c5215fcc98ebb0786e0a92125390758f5d2a21a964f2f28dcae36bd7a51833221237dd9a8ee8cb2568664a032ae36bf7cb0a141889d8c4045c6dac88d6fe8a9848d8249872de97154e2aab853f9e0a7ba21d993fbe1e7629cd0e7cfca9b552b4607f198ad4b73e662ccc031bc3313e51bdb84c8f4325919ff8eb70ef343b9226cfc07d37a9c6a11e9f15b71e98de153264420cc6a8110171b232a91b55d8e5b09ee7cac7960f644d9769bf6ff10ca4c9b44fb9330b73626c0871d5a3daed42c17b85a8f00423ed9e0598333901f629b3b178b6cc77c8497c2d5b9715b9792892dc8a9d3d1f8b66ca7255fb35975c272bbc0b455bf25a9fffd6b4369fa151f299456384b1ac2ec3d56a1fcbe876b68a7d423d729e57fb177d2eb22152ddec339e8d29b2d131e5f605b86fb2542c9585d8b2d767eb46345b67f63bf051a534e013af97cf240ec32f8fc6941f4f479ab732572a65bd2a32d7abc71e50fbb65330f381f9f21d52fb6cf3f04165202262e4b3bafa32e3e1970e8f96cf310611676d80fa28da767a1e1e599e8792c64044df7c23d2e4e36e731d95ebc3e5ea6f20a22474c286251847472ebc6f06ae95e7b67e5f1862bfa7be4bb5282955cbc3dab71d1a08557f9714151bed437559b9718055b46c1c9e7bbee5813e7c97ebb1dc4f51222f183b3b4b36ca64d9c877fdd13ba3dbeccde92bfa40a085237ca8bafebacdfd27eea6e62ba63ad062fc8448ebb6dcbfff90d1b88eb96a24dc0df56850978070592964a4b3124eb98a48cec05df3afc5a57b7290fd4636963f936b1e7ce03e896fd5754bca0f995b6d63876148a3f5ba8d9118231b5da893d76df1b045098add65c6565c44b01b457b0b5120978a8050e34bdd545c76d6c11b119167cad39030b371707bccee8ab31dc247bbd4ca6bc3505badf1daeae20e36b7922bf69698473efef590f13e61c9e331e6f4372918f6058b64e54bc7189b6c91aa6c9586cc6e54a6a6a089b7e2b9a559c8883a8692fdaa0a1b85e4649f7d9b41c9481e27d775e528f9ca1cd55e1d9b4f3aa385a31c550f428b9fb1ac0713a55197eb9232f5cdf76abeced41eae31bea3d1d1d24a7b058cc2189fc2b8b6b4dc0892f8a4649f0659be4349a3e4ba1165a5eade0ef239ca316bde742c7ee66edc9b624ed7b9d6d1e878d5cdefc2aed756e2a917dfc29662372286871a5dec6ddd1721f7a96ebe92d232d91a2c41d16173df73869af5d2fd28920dbcb2fdb26120f39f24dfed8ecdb7ef7295d06c699d193b12d1d6cdbeac4f5468e3c6a92f43230af6f8ed43f16a7260d5932fe391571cc697cc64c3777c96ced7f5c78deb03ef66e3a967565b97add8a11a5c0943b5e236156fc053cb36e3edbdf5181815871be64e40acf1ac36341c33c2a1c9b1cde7755763bd71f0c5499c502feccf558c7cab08abcecf43f6ba5cf3f2de21b3aba2a90cbbfcb69c3ba4b2144575ea861b65b9d66babcb6e6be91c2e36b6bc49272d1ce5a87a10ac7bdba7f93af3addf46d579e37394a3aaca87079d998b73ada3b67133f0f4a3d39139596d607e895def6fc3b265e621ff6ddd87f0ab11ab2a4f09f882a2321c900d84e4f868b948dbe3a942fea7c52851d91f1385711d6e757d97ab6c9c59db6736dfd709e8d827a5ab0e2fdadec896780decb23153bb73ebd9fb653c6a3f9803ea1756d113e38cadce96440c35bba7864f9f8f179e7ff8f465e93de9b8f7a19b300ef5c8dfa9026514e62ebe55bef4b23245d8ce7d64567898b165173431a3d9ebfefca1a958f8c00ca4a90ad04fc3a79f1b5bcdfecf5197e7e69a5b72de6e8ece28fba4d40876ff795597c569e6cef1a2bdb27170d528c4ca37a836ff731cf069bc4ade79194fadfe18075cb2f2aa2dd4afcae0f0dd6f52ba551a95b7b0fd603062c7aad73b84fc7c9fcfa5291ff92ad0078f44ac9aff80fec6e8e34d278c6bc5ddd46acd4bdda995cff8c09e32e33b121badba125a16312adca83ecaca7cbac03d8770a0dcba2dc262461aeb5c5181b5cfd5d0084781daf80c46744c6b6b64679c7b1d6d38ec408ec385e469b3b1e8f145589412289323df5f9985b6ee531553fc78196e7262a3da851024cb6db4b43df1638dc02cf91f8779f283b8386323a1f3f31d8ed151ea15aaf1856f715cea34dab0beae4f041a02a231e71e3ba2835d287ae35778ea951cecd85b08c7f6cd58b96c0dd697ba11143f1559137d4a787fe35290310ca878f72dbcfaaec3e882dbf1ce6a3cfb5a2ed67c52295fd2500c340e58ab46fe9e2ad41e2cc4a6dfaaa39c9a1b384875fed7e38fefe7a1a0b40aee703b6e52bf83db9383e5efc838355d52053efbe236ac7ab7044d677d42b5b2b5a79a9260d8537dba722cb6c44463ff1bf67d8e3fb6d85d790e9e52d9c294280c88c40fed67af54c353e38c23286b1d9fa12c3019993748d0d715e395151bb0dd612e93d7f7b8d0e0b261486020926e4ac0f08046ec786d35d66c97e5b6733396bf518686061706c8b2189e9e827859ec251bd660e52699ff9d3958f9fcc712d88188cf4c318fd6bc2a1af1324f0d528d3abe92696b2843ceae2a754f078522c498a54aecd82ad372b03b7fb4a7a9b33e6307b6bfb91aafec940d906109c84c6c6367d6583b7e28eb4cd39e0ff1ea7609c0af9cd8f1c656e32734a70d4b41a63aa8a9f4633cfb925a2ff3b0e925b54e4a26c4a7e006ef996942061afba3aaffb4531e538aea4e75409c7b1d3df2c74fb163c736fc7a53312a6443acc8296f14108631f2456ceb3e658c546421b219d9240915141f63760106c6416e5a5555186263ace5d5def96e41f4e409b24eb9b0ebcd0d7054d6a3a1d281556f9bbb20fabafe8f3df6c4cfacdbddead429691b3da770f2e42984860eb0c65e40978dc2c4d4ab70c5f123f8dbfe83282c74e2cf7f3d0ad7a0705c3b7d06eef9c728585f355417ed4661f50044a724e14a6fc6f50bc19513e5f9f507e1f8d37e147ce6c45fbeb6e1bb537e84077e74152e9187448c1d8afe554eecd959801d05e538396e2ca2befe0ad58143919a1205b54767d0a881682c91e7feb51c455f4a285d7b15c68cff2eaeec7f0445b2a9e750d375d8852b92d2f0e01ddfc720ffa35a6b7663fdff3d82c6f0ef618e4cb3b997c847bfcb31f87811761f38866303bf8b1f0439f1fe67f5b8ecea78a47a67a666dfd9e3bcfebc03bffd541afaf13fc0fca4160e0b1d108101157b5054750cfd47d961ff7e3c260ea94159f1417399d49c4464b2cfb45f1685ef2706e198f30ba9ea64b9ef3f0acfb028ccbdff56d807c9fd97842321f972f43f72107b8b9c28fccb57f8263812ff387f1666c65887b4dbc211f75d0f0e7f568a1d1f3af07e5e05826222e1a9a8477fef3cb4344f678db361c4300f0eed2bc717fbcbb1ef54246ef85e0b25f079f2cd377f474888f75b77e1b4f87df771d995be9f7139cabeb63ee3f9937085593cb7f21ac1b832c15c27f2f71463c7ae52fcb5ff28c40d398aea7aef63bf8308ebfb5f527c40d6cb0a1c3a3100b153fe11f7fc532c82bddfff414331f41bf90efdb5461ef735865c938031ead0635f8d4ee47d22eb46c455b87142cb87349f6b1d1d157335ae68ac44494111723fde8fc3f2dd9b3c6f166e18f11d0c69e33ec3200f6a76ed4785db86e48c0c994f35d286a1270fe0833f7f0344c5636eea28ab9d69df7cb7b85c83c7e0fbdf93f5a1683f767c948f1d7faa42ffe4ab30aab2165f5d7aa6adb9581d3be63a7dc87ebf7edd7bd87edf3a97e385e272c12dd50a7bb9c9d7c5f23bb49ee23e928f9c1d8710366986f57315c5fbfb46dfdf675d04b88e9e37fc1d5a6fc71585fa205bc03728dbebc4a6d7b3b145ae559763c1bbbfc316d5ad969c68fddce422c175540bacd0882e10dd2b34435d2136bde5407e79239a3c3684840c44d4e414cc4a3d73360cea5b7ab24263a0115d207d22d088fcb0cb918888e81c18684444a405061a11116981814644445a60a01111911618684444a405061a11116981814644445a60a01111911618684444a405061a11116981814644445a60a01111911618684444a4851e0fb46efe0fdb4444d48bf56426f458a0a989ee277f6cb6fe3879b247fee51a1111f5222a0b542e98176b6437eac10aad1f028c573f8563c74e18638888a8ef5259d0bfbf371bba3fd17abc4253137fe2841b478f36b1522322ea8354dbaf32406581ca849eaad0fad5d51defb1943925afecf19c9299f1c0ed362f6ad87b1f1111e9cb1b5a01016af7538071e9df3fc018ee7581a67843cde3f11829ad2ea77cd28cc14644a417dfb0f2f6d4995d8d3d17664a8f079aa2424b8598ba48ae350b342222d2970a34b5cfccec66ecb93053ce4ba079993966be1d338d88486f67c2ab6783ccebbc061a1111514fe9c1c3f6898888ce1f061a11116981814644445a60a01111911618684444a405061a11116981814644445a60a01111911618684444a405061a11116981814644445a60a01111911618684444a401e0ff0192800bda2cd1ac1d0000000049454e44ae426082),
(10, 'Nouveau document texte.txt', 16, 0x5368616d617368203a0d0a5368616d6173682065737420756e6520736f6369c3a974c3a920646520736572766963657320657420646520636f6e7365696c20656e20696e666f726d6174697175652e205370c3a96369616c6973c3a92064616e73206c6520736d61727420736f757263696e67206574206c652064c3a96c6f63616c69736174696f6e20706f7572206465732070617274656e616972657320696e7465726e6174696f6e6175780d0a65742064696666c3a972656e74657320736f6369c3a974c3a97320696e666f726d617469717565732e706f7572206d6f6465726e69736572206c6520736563746575722064657320746563686e6f6c6f67696573206465206c27696e666f726d6174696f6e2c20616dc3a96c696f726572206c6120636f6d6d756e69636174696f6e20656e747265206c657320656e747265707269736573206574206c657320636c69656e7473200d0a6574206d657474726520656e20c59375767265206c61206e756dc3a97269736174696f6e20737572206c6573206d61726368c3a973206e6174696f6e6175782e0d0a200d0a0d0a0d0a506c616e2064e28099616374696f6e733a0d0a417072c3a8732061766f69722064c3a9676167c3a920657420616e616c7973c3a9206c65732064696666c3a972656e74732070726f626cc3a86d65732072656e636f6e7472c3a97320706172206c652070726f636573737573206465206c610d0a70726f64756374696f6e2c2063652063686170697472652065737420636f6e73616372c3a920706f7572206c6520706c616e2064e28099616374696f6e730d0a0d0a4f6e2072c3a973756d652064616e73206365207461626c656175206c65732064696666c3a972656e74732070726f626cc3a86d6573206465206c612070726f6475637469766974c3a9202872656e636f6e7472c3a9732064616e730d0a6c652074726f697369c3a86d65206368617069747265292061766563206c6575727320616374696f6e732064e28099616dc3a96c696f726174696f6e732e0d0a0d0a4ce280997574696c69736174696f6e206465206c61206dc3a974686f6465204b6169207a656e0d0aef82b7204ce280997574696c69736174696f6e206465206c61206dc3a974686f646520504443410d0aef82b720496e74c3a967726174696f6e2064e280996170706c69636174696f6e20646520636f6e7472c3b46c6520736f7573206c61207068696c6f736f70686965206465206ce28099616dc3a96c696f726174696f6e20636f6e74656e75652e0d0a2d2d2d2d2d2d2d2d2d2d2d2d2d2d2d2d2d2d2d2d2d2d2d2d2d2d2d2d2d2d2d2d2d2d2d2d2d2d2d2d2d2d2d2d2d2d2d2d2d2d2d2d2d2d2d2d2d2d2d2d2d2d2d2d2d2d2d2d2d2d2d2d2d2d2d2d2d2d2d2d2d2d2d2d2d2d2d2d2d2d2d0d0a737461676520696e673a0d0a41545320286170706c6963616e7420747261636b696e672073797374656d292c206f752073797374c3a86d65206465207375697669206465732063616e6469646174757265732c200d0a65737420756e65206170706c69636174696f6e20656e206c69676e65207065726d657474616e74206465207472616974657220696e666f726d6174697175656d656e74206c657320646f6e6ec3a96573200d0a72656c61746976657320617520726563727574656d656e7420657420c3a0206c27656d6261756368652e0d0a0d0a74616368653a0d0a6d6963726f7365727669636520225574696c69736174657572730d0a4d6963726f7365727669636520c2ab47657374696f6e206465732070726f66696c0d0a0d0a446573207175616c6974c3a9733a0d0a4c6561646572736869702020202020202020206c65616465720d0a4573707269742064e28099c3a971756970650d0a536f636961626c65200d0a2d2d2d2d2d2d2d2d2d2d2d2d2d2d2d2d2d2d2d0d0a4465732064c3a966617574733a0d0a4c656e7420202020202020202020202020202074656e6163696f75730d0a70727564656e74202020202020202020202020656d706174686574696320706572736f6e0d0a456d6f7469660d0a0d0a0d0a4d79206e616d652069732028e280a6292c204920616d2028e280a629207965617273206f6c642c204920616d20612028e280a6292e20492068617665206772616475617465642066726f6d2028e280a62920332079656172732061676f202c0d0a616e64204920616d2063757272656e746c7920776f726b696e6720617320612028e280a6292061742028e280a6290d0a0d0a0d0a4d6f6e73696575722c0d0a0d0a4a6520737569732061637475656c6c656d656e7420c3a974756469616e7420656e2067c3a96e6965206c6f67696369656c206574206a65207375697320c3a0206c6120726563686572636865206427756e20737461676520706f75722064c3a976656c6f70706572206d657320636f6d70c3a974656e6365732065742061637175c3a9726972206465206c27657870c3a97269656e63652070726f66657373696f6e6e656c6c652e20432765737420706f757271756f69206a65206d65207065726d65747320646520766f757320636f6e74616374657220706f757220706f7374756c657220706f757220756e207374616765206368657a2053756d726973652e0d0a0d0a4a65207375697320706172746963756c69c3a872656d656e7420696e74c3a972657373c3a92070617220766f74726520656e747265707269736520656e20726169736f6e20646520766f7472652072c3a97075746174696f6e20706f75722064c3a976656c6f707065722064657320746563686e6f6c6f6769657320696e6e6f76616e74657320657420646520766f74726520656e676167656d656e7420656e76657273206c612063726f697373616e6365206574206c652064c3a976656c6f7070656d656e7420646520766f7320656d706c6f79c3a9732e204a65207375697320c3a967616c656d656e74207472c3a873206f7576657274206427657370726974207175616e7420c3a0206c2761707072656e74697373616765206465206e6f7576656c6c657320746563686e6f6c6f67696573206574206a65207375697320636f6e7661696e637520717565206a6520706f757272616973206170706f7274657220756e6520636f6e747269627574696f6e207369676e69666963617469766520c3a020766f74726520c3a971756970652e0d0a0d0a4a65207375697320756e20c3a974756469616e742064c3a97465726d696ec3a92065742070617373696f6e6ec3a92c20617665632064657320636f6d70c3a974656e63657320736f6c6964657320656e2064c3a976656c6f7070656d656e74206465206c6f67696369656c7320657420756e6520666f7274652063617061636974c3a920642761646170746174696f6e20617578206e6f7576656c6c657320746563686e6f6c6f676965732e204a65207375697320c3a967616c656d656e7420756e20657863656c6c656e74207472617661696c6c657572206427c3a97175697065206574206a276169206c27657870c3a97269656e6365206465207472617661696c6c657220656e20636f6c6c61626f726174696f6e20617665632064276175747265732064c3a976656c6f70706575727320706f75722061747465696e647265206c6573206f626a65637469667320636f6d6d756e732e0d0a0d0a4a652073657261697320686f6e6f72c3a920646520766f75732072656e636f6e7472657220706f7572206469736375746572206465206c6120706f73736962696c6974c3a9206427756e207374616765206368657a2053756d7269736520657420646520766f7573206d6f6e7472657220636f6d6d656e74206a65207065757820636f6e7472696275657220c3a020766f74726520656e74726570726973652e20566575696c6c657a2074726f75766572206d6f6e20637572726963756c756d20766974616520656e207069c3a86365206a6f696e746520706f757220706c75732064652064c3a97461696c7320737572206d6f6e20706172636f757273206574206d657320636f6d70c3a974656e6365732e0d0a0d0a4a6520766f75732072656d657263696520706f757220766f7472652074656d7073206574206a65207375697320696d70617469656e7420646520766f757320656e74656e647265206269656e74c3b4742e0d0a0d0a436f726469616c656d656e742c0d0a0d0a4768617a6920546f756b65627269);
INSERT INTO `file_attachments` (`id`, `file_name`, `facture_id`, `file_data`) VALUES
(11, 'Nouveau document texte.txt', 17, 0x5368616d617368203a0d0a5368616d6173682065737420756e6520736f6369c3a974c3a920646520736572766963657320657420646520636f6e7365696c20656e20696e666f726d6174697175652e205370c3a96369616c6973c3a92064616e73206c6520736d61727420736f757263696e67206574206c652064c3a96c6f63616c69736174696f6e20706f7572206465732070617274656e616972657320696e7465726e6174696f6e6175780d0a65742064696666c3a972656e74657320736f6369c3a974c3a97320696e666f726d617469717565732e706f7572206d6f6465726e69736572206c6520736563746575722064657320746563686e6f6c6f67696573206465206c27696e666f726d6174696f6e2c20616dc3a96c696f726572206c6120636f6d6d756e69636174696f6e20656e747265206c657320656e747265707269736573206574206c657320636c69656e7473200d0a6574206d657474726520656e20c59375767265206c61206e756dc3a97269736174696f6e20737572206c6573206d61726368c3a973206e6174696f6e6175782e0d0a200d0a0d0a0d0a506c616e2064e28099616374696f6e733a0d0a417072c3a8732061766f69722064c3a9676167c3a920657420616e616c7973c3a9206c65732064696666c3a972656e74732070726f626cc3a86d65732072656e636f6e7472c3a97320706172206c652070726f636573737573206465206c610d0a70726f64756374696f6e2c2063652063686170697472652065737420636f6e73616372c3a920706f7572206c6520706c616e2064e28099616374696f6e730d0a0d0a4f6e2072c3a973756d652064616e73206365207461626c656175206c65732064696666c3a972656e74732070726f626cc3a86d6573206465206c612070726f6475637469766974c3a9202872656e636f6e7472c3a9732064616e730d0a6c652074726f697369c3a86d65206368617069747265292061766563206c6575727320616374696f6e732064e28099616dc3a96c696f726174696f6e732e0d0a0d0a4ce280997574696c69736174696f6e206465206c61206dc3a974686f6465204b6169207a656e0d0aef82b7204ce280997574696c69736174696f6e206465206c61206dc3a974686f646520504443410d0aef82b720496e74c3a967726174696f6e2064e280996170706c69636174696f6e20646520636f6e7472c3b46c6520736f7573206c61207068696c6f736f70686965206465206ce28099616dc3a96c696f726174696f6e20636f6e74656e75652e0d0a2d2d2d2d2d2d2d2d2d2d2d2d2d2d2d2d2d2d2d2d2d2d2d2d2d2d2d2d2d2d2d2d2d2d2d2d2d2d2d2d2d2d2d2d2d2d2d2d2d2d2d2d2d2d2d2d2d2d2d2d2d2d2d2d2d2d2d2d2d2d2d2d2d2d2d2d2d2d2d2d2d2d2d2d2d2d2d2d2d2d2d0d0a737461676520696e673a0d0a41545320286170706c6963616e7420747261636b696e672073797374656d292c206f752073797374c3a86d65206465207375697669206465732063616e6469646174757265732c200d0a65737420756e65206170706c69636174696f6e20656e206c69676e65207065726d657474616e74206465207472616974657220696e666f726d6174697175656d656e74206c657320646f6e6ec3a96573200d0a72656c61746976657320617520726563727574656d656e7420657420c3a0206c27656d6261756368652e0d0a0d0a74616368653a0d0a6d6963726f7365727669636520225574696c69736174657572730d0a4d6963726f7365727669636520c2ab47657374696f6e206465732070726f66696c0d0a0d0a446573207175616c6974c3a9733a0d0a4c6561646572736869702020202020202020206c65616465720d0a4573707269742064e28099c3a971756970650d0a536f636961626c65200d0a2d2d2d2d2d2d2d2d2d2d2d2d2d2d2d2d2d2d2d0d0a4465732064c3a966617574733a0d0a4c656e7420202020202020202020202020202074656e6163696f75730d0a70727564656e74202020202020202020202020656d706174686574696320706572736f6e0d0a456d6f7469660d0a0d0a0d0a4d79206e616d652069732028e280a6292c204920616d2028e280a629207965617273206f6c642c204920616d20612028e280a6292e20492068617665206772616475617465642066726f6d2028e280a62920332079656172732061676f202c0d0a616e64204920616d2063757272656e746c7920776f726b696e6720617320612028e280a6292061742028e280a6290d0a0d0a0d0a4d6f6e73696575722c0d0a0d0a4a6520737569732061637475656c6c656d656e7420c3a974756469616e7420656e2067c3a96e6965206c6f67696369656c206574206a65207375697320c3a0206c6120726563686572636865206427756e20737461676520706f75722064c3a976656c6f70706572206d657320636f6d70c3a974656e6365732065742061637175c3a9726972206465206c27657870c3a97269656e63652070726f66657373696f6e6e656c6c652e20432765737420706f757271756f69206a65206d65207065726d65747320646520766f757320636f6e74616374657220706f757220706f7374756c657220706f757220756e207374616765206368657a2053756d726973652e0d0a0d0a4a65207375697320706172746963756c69c3a872656d656e7420696e74c3a972657373c3a92070617220766f74726520656e747265707269736520656e20726169736f6e20646520766f7472652072c3a97075746174696f6e20706f75722064c3a976656c6f707065722064657320746563686e6f6c6f6769657320696e6e6f76616e74657320657420646520766f74726520656e676167656d656e7420656e76657273206c612063726f697373616e6365206574206c652064c3a976656c6f7070656d656e7420646520766f7320656d706c6f79c3a9732e204a65207375697320c3a967616c656d656e74207472c3a873206f7576657274206427657370726974207175616e7420c3a0206c2761707072656e74697373616765206465206e6f7576656c6c657320746563686e6f6c6f67696573206574206a65207375697320636f6e7661696e637520717565206a6520706f757272616973206170706f7274657220756e6520636f6e747269627574696f6e207369676e69666963617469766520c3a020766f74726520c3a971756970652e0d0a0d0a4a65207375697320756e20c3a974756469616e742064c3a97465726d696ec3a92065742070617373696f6e6ec3a92c20617665632064657320636f6d70c3a974656e63657320736f6c6964657320656e2064c3a976656c6f7070656d656e74206465206c6f67696369656c7320657420756e6520666f7274652063617061636974c3a920642761646170746174696f6e20617578206e6f7576656c6c657320746563686e6f6c6f676965732e204a65207375697320c3a967616c656d656e7420756e20657863656c6c656e74207472617661696c6c657572206427c3a97175697065206574206a276169206c27657870c3a97269656e6365206465207472617661696c6c657220656e20636f6c6c61626f726174696f6e20617665632064276175747265732064c3a976656c6f70706575727320706f75722061747465696e647265206c6573206f626a65637469667320636f6d6d756e732e0d0a0d0a4a652073657261697320686f6e6f72c3a920646520766f75732072656e636f6e7472657220706f7572206469736375746572206465206c6120706f73736962696c6974c3a9206427756e207374616765206368657a2053756d7269736520657420646520766f7573206d6f6e7472657220636f6d6d656e74206a65207065757820636f6e7472696275657220c3a020766f74726520656e74726570726973652e20566575696c6c657a2074726f75766572206d6f6e20637572726963756c756d20766974616520656e207069c3a86365206a6f696e746520706f757220706c75732064652064c3a97461696c7320737572206d6f6e20706172636f757273206574206d657320636f6d70c3a974656e6365732e0d0a0d0a4a6520766f75732072656d657263696520706f757220766f7472652074656d7073206574206a65207375697320696d70617469656e7420646520766f757320656e74656e647265206269656e74c3b4742e0d0a0d0a436f726469616c656d656e742c0d0a0d0a4768617a6920546f756b65627269),
(12, 'Nouveau document texte.txt', 18, 0x5368616d617368203a0d0a5368616d6173682065737420756e6520736f6369c3a974c3a920646520736572766963657320657420646520636f6e7365696c20656e20696e666f726d6174697175652e205370c3a96369616c6973c3a92064616e73206c6520736d61727420736f757263696e67206574206c652064c3a96c6f63616c69736174696f6e20706f7572206465732070617274656e616972657320696e7465726e6174696f6e6175780d0a65742064696666c3a972656e74657320736f6369c3a974c3a97320696e666f726d617469717565732e706f7572206d6f6465726e69736572206c6520736563746575722064657320746563686e6f6c6f67696573206465206c27696e666f726d6174696f6e2c20616dc3a96c696f726572206c6120636f6d6d756e69636174696f6e20656e747265206c657320656e747265707269736573206574206c657320636c69656e7473200d0a6574206d657474726520656e20c59375767265206c61206e756dc3a97269736174696f6e20737572206c6573206d61726368c3a973206e6174696f6e6175782e0d0a200d0a0d0a0d0a506c616e2064e28099616374696f6e733a0d0a417072c3a8732061766f69722064c3a9676167c3a920657420616e616c7973c3a9206c65732064696666c3a972656e74732070726f626cc3a86d65732072656e636f6e7472c3a97320706172206c652070726f636573737573206465206c610d0a70726f64756374696f6e2c2063652063686170697472652065737420636f6e73616372c3a920706f7572206c6520706c616e2064e28099616374696f6e730d0a0d0a4f6e2072c3a973756d652064616e73206365207461626c656175206c65732064696666c3a972656e74732070726f626cc3a86d6573206465206c612070726f6475637469766974c3a9202872656e636f6e7472c3a9732064616e730d0a6c652074726f697369c3a86d65206368617069747265292061766563206c6575727320616374696f6e732064e28099616dc3a96c696f726174696f6e732e0d0a0d0a4ce280997574696c69736174696f6e206465206c61206dc3a974686f6465204b6169207a656e0d0aef82b7204ce280997574696c69736174696f6e206465206c61206dc3a974686f646520504443410d0aef82b720496e74c3a967726174696f6e2064e280996170706c69636174696f6e20646520636f6e7472c3b46c6520736f7573206c61207068696c6f736f70686965206465206ce28099616dc3a96c696f726174696f6e20636f6e74656e75652e0d0a2d2d2d2d2d2d2d2d2d2d2d2d2d2d2d2d2d2d2d2d2d2d2d2d2d2d2d2d2d2d2d2d2d2d2d2d2d2d2d2d2d2d2d2d2d2d2d2d2d2d2d2d2d2d2d2d2d2d2d2d2d2d2d2d2d2d2d2d2d2d2d2d2d2d2d2d2d2d2d2d2d2d2d2d2d2d2d2d2d2d2d0d0a737461676520696e673a0d0a41545320286170706c6963616e7420747261636b696e672073797374656d292c206f752073797374c3a86d65206465207375697669206465732063616e6469646174757265732c200d0a65737420756e65206170706c69636174696f6e20656e206c69676e65207065726d657474616e74206465207472616974657220696e666f726d6174697175656d656e74206c657320646f6e6ec3a96573200d0a72656c61746976657320617520726563727574656d656e7420657420c3a0206c27656d6261756368652e0d0a0d0a74616368653a0d0a6d6963726f7365727669636520225574696c69736174657572730d0a4d6963726f7365727669636520c2ab47657374696f6e206465732070726f66696c0d0a0d0a446573207175616c6974c3a9733a0d0a4c6561646572736869702020202020202020206c65616465720d0a4573707269742064e28099c3a971756970650d0a536f636961626c65200d0a2d2d2d2d2d2d2d2d2d2d2d2d2d2d2d2d2d2d2d0d0a4465732064c3a966617574733a0d0a4c656e7420202020202020202020202020202074656e6163696f75730d0a70727564656e74202020202020202020202020656d706174686574696320706572736f6e0d0a456d6f7469660d0a0d0a0d0a4d79206e616d652069732028e280a6292c204920616d2028e280a629207965617273206f6c642c204920616d20612028e280a6292e20492068617665206772616475617465642066726f6d2028e280a62920332079656172732061676f202c0d0a616e64204920616d2063757272656e746c7920776f726b696e6720617320612028e280a6292061742028e280a6290d0a0d0a0d0a4d6f6e73696575722c0d0a0d0a4a6520737569732061637475656c6c656d656e7420c3a974756469616e7420656e2067c3a96e6965206c6f67696369656c206574206a65207375697320c3a0206c6120726563686572636865206427756e20737461676520706f75722064c3a976656c6f70706572206d657320636f6d70c3a974656e6365732065742061637175c3a9726972206465206c27657870c3a97269656e63652070726f66657373696f6e6e656c6c652e20432765737420706f757271756f69206a65206d65207065726d65747320646520766f757320636f6e74616374657220706f757220706f7374756c657220706f757220756e207374616765206368657a2053756d726973652e0d0a0d0a4a65207375697320706172746963756c69c3a872656d656e7420696e74c3a972657373c3a92070617220766f74726520656e747265707269736520656e20726169736f6e20646520766f7472652072c3a97075746174696f6e20706f75722064c3a976656c6f707065722064657320746563686e6f6c6f6769657320696e6e6f76616e74657320657420646520766f74726520656e676167656d656e7420656e76657273206c612063726f697373616e6365206574206c652064c3a976656c6f7070656d656e7420646520766f7320656d706c6f79c3a9732e204a65207375697320c3a967616c656d656e74207472c3a873206f7576657274206427657370726974207175616e7420c3a0206c2761707072656e74697373616765206465206e6f7576656c6c657320746563686e6f6c6f67696573206574206a65207375697320636f6e7661696e637520717565206a6520706f757272616973206170706f7274657220756e6520636f6e747269627574696f6e207369676e69666963617469766520c3a020766f74726520c3a971756970652e0d0a0d0a4a65207375697320756e20c3a974756469616e742064c3a97465726d696ec3a92065742070617373696f6e6ec3a92c20617665632064657320636f6d70c3a974656e63657320736f6c6964657320656e2064c3a976656c6f7070656d656e74206465206c6f67696369656c7320657420756e6520666f7274652063617061636974c3a920642761646170746174696f6e20617578206e6f7576656c6c657320746563686e6f6c6f676965732e204a65207375697320c3a967616c656d656e7420756e20657863656c6c656e74207472617661696c6c657572206427c3a97175697065206574206a276169206c27657870c3a97269656e6365206465207472617661696c6c657220656e20636f6c6c61626f726174696f6e20617665632064276175747265732064c3a976656c6f70706575727320706f75722061747465696e647265206c6573206f626a65637469667320636f6d6d756e732e0d0a0d0a4a652073657261697320686f6e6f72c3a920646520766f75732072656e636f6e7472657220706f7572206469736375746572206465206c6120706f73736962696c6974c3a9206427756e207374616765206368657a2053756d7269736520657420646520766f7573206d6f6e7472657220636f6d6d656e74206a65207065757820636f6e7472696275657220c3a020766f74726520656e74726570726973652e20566575696c6c657a2074726f75766572206d6f6e20637572726963756c756d20766974616520656e207069c3a86365206a6f696e746520706f757220706c75732064652064c3a97461696c7320737572206d6f6e20706172636f757273206574206d657320636f6d70c3a974656e6365732e0d0a0d0a4a6520766f75732072656d657263696520706f757220766f7472652074656d7073206574206a65207375697320696d70617469656e7420646520766f757320656e74656e647265206269656e74c3b4742e0d0a0d0a436f726469616c656d656e742c0d0a0d0a4768617a6920546f756b65627269),
(13, 'Nouveau document texte (2).txt', 19, 0x506f7572206e6f7472652070726f6a65742c206e6f75732061766f6e73206c27696e74656e74696f6e2064652064c3a976656c6f70706572206574206465206d657474726520656e20c5937576726520756e6520736f6c7574696f6e20646520666163746f72696e672071756920656e676c6f626520746f75746573206c657320666f6e6374696f6e6e616c6974c3a973206dc3a9746965727320647520666163746f72696e670d0a0d0a0d0a0d0a0d0a496c206578697374652064657320646966666963756c74c3a97320706f75722072656c65766572206c652064c3a96669206465206c27696d706c69636174696f6e206465206d756c7469706c6573207061727469657320636f6e6365726ec3a965732c2074656c6c657320717565206c6120736f6369c3a974c3a920642761666661637475726167652c0d0a6c6520636c69656e7420286d656d627265292c206c657320636c69656e74732028616368657465757273292c206c276173737572616e63652d6372c3a96469742c206c65732061766f636174732c2064616e73206c65732061637469766974c3a9732064202761666661637475726167652c20746f757420656e2067c3a972616e74206c6120636f6d706c65786974c3a9206574206c6520766f6c756d6520c3a96c6576c3a920646573206f70c3a9726174696f6e73203f0d0a20446520706c75732c20636f6d6d656e742073276173737572652d742d696c20717565206c657320666163746575727320646f74c3a973206427756e2073797374c3a86d65206427696e666f726d6174696f6e206164c3a9717561742064c3a873206c65207072656d696572206a6f7572203f0d0a0d0a0d0a0d0a436f6e63657074696f6e2c2072c3a9616c69736174696f6e206574206f7074696d69736174696f6e206427756e65206170706c69636174696f6e206427616661637475726167650d0a0d0a0d0a0d0a44c3a96d61727261676520c3a020726573736f72742c20616e67756c616972652c204d7973716c2c205250412c2055695061746820),
(14, 'Nouveau document texte.txt', 19, 0x5368616d617368203a0d0a5368616d6173682065737420756e6520736f6369c3a974c3a920646520736572766963657320657420646520636f6e7365696c20656e20696e666f726d6174697175652e205370c3a96369616c6973c3a92064616e73206c6520736d61727420736f757263696e67206574206c652064c3a96c6f63616c69736174696f6e20706f7572206465732070617274656e616972657320696e7465726e6174696f6e6175780d0a65742064696666c3a972656e74657320736f6369c3a974c3a97320696e666f726d617469717565732e706f7572206d6f6465726e69736572206c6520736563746575722064657320746563686e6f6c6f67696573206465206c27696e666f726d6174696f6e2c20616dc3a96c696f726572206c6120636f6d6d756e69636174696f6e20656e747265206c657320656e747265707269736573206574206c657320636c69656e7473200d0a6574206d657474726520656e20c59375767265206c61206e756dc3a97269736174696f6e20737572206c6573206d61726368c3a973206e6174696f6e6175782e0d0a200d0a0d0a0d0a506c616e2064e28099616374696f6e733a0d0a417072c3a8732061766f69722064c3a9676167c3a920657420616e616c7973c3a9206c65732064696666c3a972656e74732070726f626cc3a86d65732072656e636f6e7472c3a97320706172206c652070726f636573737573206465206c610d0a70726f64756374696f6e2c2063652063686170697472652065737420636f6e73616372c3a920706f7572206c6520706c616e2064e28099616374696f6e730d0a0d0a4f6e2072c3a973756d652064616e73206365207461626c656175206c65732064696666c3a972656e74732070726f626cc3a86d6573206465206c612070726f6475637469766974c3a9202872656e636f6e7472c3a9732064616e730d0a6c652074726f697369c3a86d65206368617069747265292061766563206c6575727320616374696f6e732064e28099616dc3a96c696f726174696f6e732e0d0a0d0a4ce280997574696c69736174696f6e206465206c61206dc3a974686f6465204b6169207a656e0d0aef82b7204ce280997574696c69736174696f6e206465206c61206dc3a974686f646520504443410d0aef82b720496e74c3a967726174696f6e2064e280996170706c69636174696f6e20646520636f6e7472c3b46c6520736f7573206c61207068696c6f736f70686965206465206ce28099616dc3a96c696f726174696f6e20636f6e74656e75652e0d0a2d2d2d2d2d2d2d2d2d2d2d2d2d2d2d2d2d2d2d2d2d2d2d2d2d2d2d2d2d2d2d2d2d2d2d2d2d2d2d2d2d2d2d2d2d2d2d2d2d2d2d2d2d2d2d2d2d2d2d2d2d2d2d2d2d2d2d2d2d2d2d2d2d2d2d2d2d2d2d2d2d2d2d2d2d2d2d2d2d2d2d0d0a737461676520696e673a0d0a41545320286170706c6963616e7420747261636b696e672073797374656d292c206f752073797374c3a86d65206465207375697669206465732063616e6469646174757265732c200d0a65737420756e65206170706c69636174696f6e20656e206c69676e65207065726d657474616e74206465207472616974657220696e666f726d6174697175656d656e74206c657320646f6e6ec3a96573200d0a72656c61746976657320617520726563727574656d656e7420657420c3a0206c27656d6261756368652e0d0a0d0a74616368653a0d0a6d6963726f7365727669636520225574696c69736174657572730d0a4d6963726f7365727669636520c2ab47657374696f6e206465732070726f66696c0d0a0d0a446573207175616c6974c3a9733a0d0a4c6561646572736869702020202020202020206c65616465720d0a4573707269742064e28099c3a971756970650d0a536f636961626c65200d0a2d2d2d2d2d2d2d2d2d2d2d2d2d2d2d2d2d2d2d0d0a4465732064c3a966617574733a0d0a4c656e7420202020202020202020202020202074656e6163696f75730d0a70727564656e74202020202020202020202020656d706174686574696320706572736f6e0d0a456d6f7469660d0a0d0a0d0a4d79206e616d652069732028e280a6292c204920616d2028e280a629207965617273206f6c642c204920616d20612028e280a6292e20492068617665206772616475617465642066726f6d2028e280a62920332079656172732061676f202c0d0a616e64204920616d2063757272656e746c7920776f726b696e6720617320612028e280a6292061742028e280a6290d0a0d0a0d0a4d6f6e73696575722c0d0a0d0a4a6520737569732061637475656c6c656d656e7420c3a974756469616e7420656e2067c3a96e6965206c6f67696369656c206574206a65207375697320c3a0206c6120726563686572636865206427756e20737461676520706f75722064c3a976656c6f70706572206d657320636f6d70c3a974656e6365732065742061637175c3a9726972206465206c27657870c3a97269656e63652070726f66657373696f6e6e656c6c652e20432765737420706f757271756f69206a65206d65207065726d65747320646520766f757320636f6e74616374657220706f757220706f7374756c657220706f757220756e207374616765206368657a2053756d726973652e0d0a0d0a4a65207375697320706172746963756c69c3a872656d656e7420696e74c3a972657373c3a92070617220766f74726520656e747265707269736520656e20726169736f6e20646520766f7472652072c3a97075746174696f6e20706f75722064c3a976656c6f707065722064657320746563686e6f6c6f6769657320696e6e6f76616e74657320657420646520766f74726520656e676167656d656e7420656e76657273206c612063726f697373616e6365206574206c652064c3a976656c6f7070656d656e7420646520766f7320656d706c6f79c3a9732e204a65207375697320c3a967616c656d656e74207472c3a873206f7576657274206427657370726974207175616e7420c3a0206c2761707072656e74697373616765206465206e6f7576656c6c657320746563686e6f6c6f67696573206574206a65207375697320636f6e7661696e637520717565206a6520706f757272616973206170706f7274657220756e6520636f6e747269627574696f6e207369676e69666963617469766520c3a020766f74726520c3a971756970652e0d0a0d0a4a65207375697320756e20c3a974756469616e742064c3a97465726d696ec3a92065742070617373696f6e6ec3a92c20617665632064657320636f6d70c3a974656e63657320736f6c6964657320656e2064c3a976656c6f7070656d656e74206465206c6f67696369656c7320657420756e6520666f7274652063617061636974c3a920642761646170746174696f6e20617578206e6f7576656c6c657320746563686e6f6c6f676965732e204a65207375697320c3a967616c656d656e7420756e20657863656c6c656e74207472617661696c6c657572206427c3a97175697065206574206a276169206c27657870c3a97269656e6365206465207472617661696c6c657220656e20636f6c6c61626f726174696f6e20617665632064276175747265732064c3a976656c6f70706575727320706f75722061747465696e647265206c6573206f626a65637469667320636f6d6d756e732e0d0a0d0a4a652073657261697320686f6e6f72c3a920646520766f75732072656e636f6e7472657220706f7572206469736375746572206465206c6120706f73736962696c6974c3a9206427756e207374616765206368657a2053756d7269736520657420646520766f7573206d6f6e7472657220636f6d6d656e74206a65207065757820636f6e7472696275657220c3a020766f74726520656e74726570726973652e20566575696c6c657a2074726f75766572206d6f6e20637572726963756c756d20766974616520656e207069c3a86365206a6f696e746520706f757220706c75732064652064c3a97461696c7320737572206d6f6e20706172636f757273206574206d657320636f6d70c3a974656e6365732e0d0a0d0a4a6520766f75732072656d657263696520706f757220766f7472652074656d7073206574206a65207375697320696d70617469656e7420646520766f757320656e74656e647265206269656e74c3b4742e0d0a0d0a436f726469616c656d656e742c0d0a0d0a4768617a6920546f756b65627269),
(15, 'Nouveau document texte (3).txt', 20, 0x737072696e672e64617461736f757263652e75726c3d6a6462633a6d7973716c3a2f2f6c6f63616c686f73743a383038332f7465737464623f75736553534c3d66616c73650d0a737072696e672e64617461736f757263652e757365726e616d653d726f6f740d0a737072696e672e64617461736f757263652e70617373776f72643d0d0a0d0a737072696e672e6a70612e70726f706572746965732e68696265726e6174652e6469616c6563743d206f72672e68696265726e6174652e6469616c6563742e4d7953514c4469616c6563740d0a737072696e672e6a70612e68696265726e6174652e64646c2d6175746f3d7570646174650d0a0d0a23204170702050726f706572746965730d0a62657a6b6f6465722e6170702e6a77745365637265743d203d3d3d3d3d3d3d3d3d3d3d3d3d3d3d3d3d3d3d3d3d3d42657a4b6f6465723d537072696e673d3d3d3d3d3d3d3d3d3d3d3d3d3d3d3d3d3d3d3d3d3d3d3d3d3d3d0d0a62657a6b6f6465722e6170702e6a777445787069726174696f6e4d733d3836343030303030);

-- --------------------------------------------------------

--
-- Structure de la table `hibernate_sequence`
--

CREATE TABLE `hibernate_sequence` (
  `next_val` bigint(20) DEFAULT NULL
) ENGINE=InnoDB DEFAULT CHARSET=utf8mb4;

--
-- Déchargement des données de la table `hibernate_sequence`
--

INSERT INTO `hibernate_sequence` (`next_val`) VALUES
(344);

-- --------------------------------------------------------

--
-- Structure de la table `image`
--

CREATE TABLE `image` (
  `id` int(11) NOT NULL,
  `imagen_id` varchar(255) DEFAULT NULL,
  `imagen_url` varchar(255) DEFAULT NULL,
  `name` varchar(255) DEFAULT NULL,
  `user_id` bigint(20) DEFAULT NULL
) ENGINE=InnoDB DEFAULT CHARSET=utf8mb4;

-- --------------------------------------------------------

--
-- Structure de la table `indevedu`
--

CREATE TABLE `indevedu` (
  `id` bigint(20) NOT NULL,
  `cin` varchar(255) DEFAULT NULL,
  `langue` int(11) DEFAULT NULL,
  `rib` varchar(255) DEFAULT NULL,
  `adresse` varchar(255) DEFAULT NULL,
  `agence` varchar(255) DEFAULT NULL,
  `banque` varchar(255) DEFAULT NULL,
  `code_acheteur` varchar(255) DEFAULT NULL,
  `code_adherent` varchar(255) DEFAULT NULL,
  `date_de_naissance` datetime DEFAULT NULL,
  `date_delivre` datetime DEFAULT NULL,
  `email` varchar(255) DEFAULT NULL,
  `fax` varchar(255) DEFAULT NULL,
  `lieucin` varchar(255) DEFAULT NULL,
  `name` varchar(255) DEFAULT NULL,
  `nationalite` varchar(255) DEFAULT NULL,
  `prenom` varchar(255) DEFAULT NULL,
  `profession` varchar(255) DEFAULT NULL,
  `telephone` varchar(255) DEFAULT NULL,
  `ville` varchar(255) DEFAULT NULL,
  `state` varchar(255) DEFAULT NULL,
  `zip` varchar(255) DEFAULT NULL,
  `type_piece` varchar(255) DEFAULT NULL
) ENGINE=InnoDB DEFAULT CHARSET=utf8mb4;

--
-- Déchargement des données de la table `indevedu`
--

INSERT INTO `indevedu` (`id`, `cin`, `langue`, `rib`, `adresse`, `agence`, `banque`, `code_acheteur`, `code_adherent`, `date_de_naissance`, `date_delivre`, `email`, `fax`, `lieucin`, `name`, `nationalite`, `prenom`, `profession`, `telephone`, `ville`, `state`, `zip`, `type_piece`) VALUES
(1, '14001808', 1, 'l444444444444444444444444', 'ariana', 'hazela', 'ghazela', 'aaaa', '4222424242', '2023-08-29 01:13:53', '2023-08-29 01:13:53', '42@@esmail.com', 'string', 'llll', 'string', 'Lillll', 'll', 'lllllllllll', '4444444444', 'llllm', NULL, NULL, NULL),
(2, NULL, 1, NULL, NULL, NULL, NULL, NULL, NULL, NULL, NULL, NULL, NULL, NULL, NULL, 'zzzzzzzzzzzzzzzzzzz', NULL, 'aa', NULL, NULL, NULL, NULL, NULL),
(3, NULL, NULL, NULL, NULL, NULL, NULL, NULL, NULL, NULL, NULL, NULL, NULL, NULL, NULL, NULL, NULL, NULL, NULL, NULL, NULL, NULL, NULL),
(4, 'aa', 1, 'azzzzzzzzzz', 'medjez el beb, Beja', 'azzzzzzzzz', 'g', NULL, NULL, '2023-09-14 01:00:00', '2023-09-21 01:00:00', NULL, '888888888', 'aa', 'Ghazy', 'TUNISIEN', '50350069', 'gg', '50350069', 'Tunisie', NULL, '9070', 'Cin'),
(5, NULL, NULL, NULL, NULL, NULL, NULL, NULL, NULL, NULL, NULL, NULL, NULL, NULL, NULL, NULL, NULL, NULL, NULL, NULL, NULL, NULL, NULL),
(6, NULL, NULL, NULL, NULL, NULL, NULL, NULL, NULL, NULL, NULL, NULL, NULL, NULL, NULL, NULL, NULL, NULL, NULL, NULL, NULL, NULL, NULL),
(7, NULL, NULL, NULL, NULL, NULL, NULL, NULL, NULL, NULL, NULL, NULL, NULL, NULL, NULL, NULL, NULL, NULL, NULL, NULL, NULL, NULL, NULL),
(8, NULL, NULL, NULL, NULL, NULL, NULL, NULL, NULL, NULL, NULL, NULL, NULL, NULL, NULL, NULL, NULL, NULL, NULL, NULL, NULL, NULL, NULL),
(9, NULL, NULL, NULL, NULL, NULL, NULL, NULL, NULL, NULL, NULL, NULL, NULL, NULL, NULL, NULL, NULL, NULL, NULL, NULL, NULL, NULL, NULL),
(10, NULL, NULL, NULL, NULL, NULL, NULL, NULL, NULL, NULL, NULL, NULL, NULL, NULL, NULL, NULL, NULL, NULL, NULL, NULL, NULL, NULL, NULL),
(11, NULL, NULL, NULL, NULL, NULL, NULL, NULL, NULL, NULL, NULL, NULL, NULL, NULL, NULL, NULL, NULL, NULL, NULL, NULL, NULL, NULL, NULL),
(12, NULL, NULL, NULL, NULL, NULL, NULL, NULL, NULL, NULL, NULL, NULL, NULL, NULL, NULL, NULL, NULL, NULL, NULL, NULL, NULL, NULL, NULL),
(13, NULL, NULL, NULL, NULL, NULL, NULL, NULL, NULL, NULL, NULL, NULL, NULL, NULL, NULL, NULL, NULL, NULL, NULL, NULL, NULL, NULL, NULL),
(14, NULL, NULL, NULL, NULL, NULL, NULL, NULL, NULL, NULL, NULL, NULL, NULL, NULL, NULL, NULL, NULL, NULL, NULL, NULL, NULL, NULL, NULL),
(15, NULL, NULL, NULL, NULL, NULL, NULL, NULL, NULL, NULL, NULL, NULL, NULL, NULL, NULL, NULL, NULL, NULL, NULL, NULL, NULL, NULL, NULL);

-- --------------------------------------------------------

--
-- Structure de la table `message`
--

CREATE TABLE `message` (
  `message_id` bigint(20) NOT NULL,
  `body` varchar(255) DEFAULT NULL
) ENGINE=InnoDB DEFAULT CHARSET=utf8mb4;

-- --------------------------------------------------------

--
-- Structure de la table `password_reset_token`
--

CREATE TABLE `password_reset_token` (
  `token_id` bigint(20) NOT NULL,
  `create_date` datetime DEFAULT NULL,
  `expriration_date` datetime DEFAULT NULL,
  `is_locked` bit(1) NOT NULL,
  `token` varchar(255) DEFAULT NULL,
  `user_id` bigint(20) DEFAULT NULL
) ENGINE=InnoDB DEFAULT CHARSET=utf8mb4;

-- --------------------------------------------------------

--
-- Structure de la table `refreshtoken`
--

CREATE TABLE `refreshtoken` (
  `id` bigint(20) NOT NULL,
  `expiry_date` datetime NOT NULL,
  `token` varchar(255) NOT NULL,
  `user_id` bigint(20) DEFAULT NULL
) ENGINE=InnoDB DEFAULT CHARSET=utf8mb4;

--
-- Déchargement des données de la table `refreshtoken`
--

INSERT INTO `refreshtoken` (`id`, `expiry_date`, `token`, `user_id`) VALUES
(1, '2023-08-30 00:52:47', '1e06e21b-d52b-4923-a207-4916bd590eaf', 1),
(2, '2023-08-30 00:53:19', '541a883b-6688-49d5-8772-3a5c1f85d9ee', 1),
(3, '2023-08-30 01:01:38', '6f29c1ac-bb20-49e5-9036-a463fa335ba5', 3),
(4, '2023-08-30 01:02:29', 'b4431710-2db3-4dac-a9a7-83f4a57501a5', 3),
(5, '2023-08-30 01:05:07', 'db4d7def-daff-4940-a441-8eda201701fa', 3),
(6, '2023-08-30 01:06:25', 'abc37682-4560-4a8f-8729-9756b0a28093', 1),
(7, '2023-08-30 01:35:10', '88803244-7e73-44d5-99f5-33977834d156', 1),
(8, '2023-08-30 01:35:27', '0b23cc83-fed8-4359-b91e-0822519d0371', 1),
(9, '2023-08-30 01:37:43', 'd0404363-63ae-487d-a34e-5e30ceace797', 1),
(10, '2023-08-30 02:37:51', '8792335e-a3bd-4ed6-adb9-3f86932f91a2', 1),
(11, '2023-08-30 03:19:02', '69b0c99d-3df6-4cc5-a069-9fbf6c63517a', 1),
(12, '2023-08-30 03:19:20', '9d17a7f4-0b15-445b-9442-e1b8cd4c5ed9', 1),
(13, '2023-08-30 03:19:33', '7ca3282e-e449-4db0-9762-c60a68fc80cd', 1),
(14, '2023-08-30 03:19:36', 'c4926fd5-6140-4508-8e64-f99cbfd6e2d2', 1),
(15, '2023-08-30 03:19:53', 'cd9a8667-42be-4750-932c-611224100797', 1),
(16, '2023-08-30 03:20:15', '5d7c0540-e615-4ade-b0e8-232dc04f5785', 1),
(17, '2023-08-30 03:21:22', 'bd33d80a-bdb8-498c-806c-c62fa7ee430d', 1),
(18, '2023-08-30 03:21:48', '43b3287d-108d-460e-98a2-2e0aa45c0bf2', 1),
(19, '2023-08-30 03:21:53', '08fd71b5-6458-456b-afce-f2663c614069', 1),
(20, '2023-08-30 03:22:31', '7eb5425b-55bd-4fb7-8357-ef958bb6e561', 1),
(21, '2023-08-30 03:22:43', 'e1de330b-da8f-4651-92e7-f0891ac76eba', 1),
(22, '2023-08-30 03:23:55', 'd047e6ba-78ee-4209-b3a3-2188dcd414ff', 1),
(23, '2023-08-30 03:26:09', 'f8741e1d-421e-4608-bb7f-53a172b452a2', 1),
(24, '2023-08-30 03:26:22', '82015703-f891-4af9-97d8-8f7bdbe57906', 1),
(25, '2023-08-30 03:33:46', '3e7b7da2-91be-4017-9275-8d3726941839', 1),
(26, '2023-08-30 03:33:54', 'b9d75cd4-27ab-458e-9aea-49f17745b026', 1),
(27, '2023-08-30 03:35:36', '3800361f-7344-4e98-aed1-09004b02e665', 1),
(28, '2023-08-30 03:35:50', 'a21fced8-7b4c-4455-a5db-4ad44630367a', 1),
(29, '2023-08-30 03:36:19', 'babbdd88-663e-4d74-a042-982378f68bbe', 1),
(30, '2023-08-30 03:36:30', '837768d5-d2f7-4244-b027-53d1f7aab384', 1),
(31, '2023-08-30 03:36:36', '4e5ee19c-d2c8-4b28-bbc8-dbff6fb04874', 1),
(32, '2023-08-30 03:37:49', '00dbff6b-b4e6-4161-8649-02e0fb70935c', 1),
(33, '2023-08-30 03:38:01', 'cc54e54b-0014-4b7b-b3b3-6b4dfc3ff4d4', 1),
(34, '2023-08-30 03:38:10', 'bee2b552-42f6-4a49-a811-5cf017dc3c97', 1),
(35, '2023-08-30 03:38:47', 'b7f860ed-b07d-4536-a8a1-a5a2b7337c4f', 1),
(36, '2023-08-30 03:38:58', 'f7f0295f-6260-4596-86ad-f2be37df6526', 1),
(37, '2023-08-30 03:39:28', '5db6f5c5-6dd6-4f5f-886b-e6a401f91973', 1),
(38, '2023-08-30 03:39:37', '8fb56fe9-84ab-4275-a59d-86ca0dfce89d', 1),
(39, '2023-08-30 03:39:52', 'f7a427dd-d4cb-4bd3-b22f-e77877b58866', 1),
(40, '2023-08-30 03:40:01', 'fdecf921-e5e7-424d-9545-7a6d6472514e', 1),
(41, '2023-08-30 03:40:21', 'd01ded2a-35d6-4ef1-a1fb-51b193011273', 1),
(42, '2023-08-30 03:40:28', '1aa14b1c-a234-4556-b47b-364a98b0258b', 1),
(43, '2023-08-30 03:40:35', '41c89255-6896-4325-9ba3-452738f18d5e', 1),
(44, '2023-08-30 03:41:02', 'c1b4b46e-a046-4e13-b07b-750671c7c976', 1),
(45, '2023-08-30 03:43:05', '8780a517-7fa7-49b0-bdcf-ae7076ec6b08', 1),
(46, '2023-08-30 03:43:55', 'a76ba38e-864a-4bb4-9534-c5e993907b3a', 1),
(47, '2023-08-30 03:44:01', '0ddda50c-c247-49f4-a129-7a7c239a916e', 1),
(48, '2023-08-30 03:45:49', '1c7135ed-58d4-453c-ab15-ceda9a1bc15e', 1),
(49, '2023-08-30 03:51:44', '6245af9e-cc78-4b6d-b168-22ba8a3540b5', 1),
(50, '2023-08-30 03:53:41', '01a62703-7339-4c5e-83dc-6b1fff2e1f90', 1),
(51, '2023-08-30 03:55:14', '83f67626-d23f-4179-8fa9-511d60d7de71', 1),
(52, '2023-08-30 03:57:16', '04f77212-9c69-4f44-95b6-c8a6b18dab5a', 1),
(53, '2023-08-30 03:58:50', 'c320937c-7e9f-4983-bc47-83bfac639bdb', 1),
(54, '2023-08-30 04:01:43', '8f649d77-5b32-403c-b2d9-3ba48445ef3f', 1),
(55, '2023-08-30 04:02:56', 'ee75d199-62b7-4760-b06e-7ed64750344e', 1),
(56, '2023-08-30 04:04:11', 'c98dae03-1f2a-45b6-bfb6-4929dc385b20', 1),
(57, '2023-08-30 04:04:22', '7ac83d05-e881-4c0d-a7f8-d6e63abeabe8', 3),
(58, '2023-08-30 04:04:59', '8154927b-59be-455d-be66-98b8cd46d1f0', 2),
(59, '2023-08-30 04:05:15', '2b543608-e44c-4286-a8f6-963c8969ec40', 2),
(60, '2023-08-30 04:07:12', '09ea6f20-a617-4cf1-a1fc-fb644c14ea96', 3),
(61, '2023-08-30 04:08:37', '5195d7a3-5f2f-47c7-8729-31036c0994b0', 4),
(62, '2023-08-30 04:08:45', '21bc3f10-e413-464d-87e1-a265ea05f8fb', 4),
(63, '2023-08-30 23:18:37', '8bf49ef1-3f73-455b-ad9b-4d7c626917d3', 4),
(64, '2023-08-30 23:49:37', '68ec9b07-3ed2-40a6-951e-a8a2e00e15a1', 4),
(65, '2023-08-30 23:49:54', 'fc3092d4-d448-41fd-9fc8-97142b563767', 4),
(66, '2023-08-30 23:54:09', '9faa3884-1ec6-42ae-9ca8-35c4962b049e', 4),
(67, '2023-08-30 23:55:38', '802dc7ea-a71b-40f8-a16a-c625990aa806', 4),
(68, '2023-08-30 23:55:53', '7c1db6bc-c612-425c-a961-f01be01a1f8f', 4),
(69, '2023-08-30 23:56:34', 'dccc0f5b-cc5b-41a5-9590-2fe3c7293e2e', 4),
(70, '2023-08-30 23:58:04', '9c49a75c-7b89-445f-bfaf-532f1baa7adf', 4),
(71, '2023-08-30 23:58:49', '09caab42-b7c5-423a-afb8-d50a828086d8', 4),
(72, '2023-08-30 23:59:11', '1b4aa04c-8cda-4471-8bfb-d773ddd82fce', 4),
(73, '2023-08-30 23:59:25', '315cc483-0a4c-4297-b1b2-b18d53a30be9', 4),
(74, '2023-08-30 23:59:57', '9b90bc0f-01f9-476b-bc1b-7afc3b3ac0b2', 4),
(75, '2023-08-31 00:00:49', 'c7e2350a-efea-4c1a-9b06-8556720b8b29', 4),
(76, '2023-08-31 00:01:28', '129a734e-9678-4856-9cc4-cd724b9d7f69', 4),
(77, '2023-08-31 00:01:39', '05f06c7f-07ee-4087-92d9-8cbaaf7fed86', 4),
(78, '2023-08-31 00:02:14', '43479c11-9118-44ad-911b-98939922c669', 4),
(79, '2023-08-31 00:02:40', '1a1b0886-5b66-470a-af1b-ec12315e4ff0', 4),
(80, '2023-08-31 00:03:00', '4a69443a-688c-4a0a-88c6-9cdcda2ea6e4', 4),
(81, '2023-08-31 00:04:03', '3ed01abc-55ee-4413-b94b-5548c2f6f1fb', 4),
(82, '2023-08-31 00:04:12', 'b666088b-5a83-4518-bcf8-a3113670497d', 4),
(83, '2023-08-31 00:04:21', '6076107f-bd66-4217-b6b9-4e9da3c9dec4', 4),
(84, '2023-08-31 00:04:29', '172173fa-b7b0-4368-9e85-af27df97d55f', 4),
(85, '2023-08-31 00:04:37', 'a17a7d8a-eb84-4c25-92c8-f9914a3c5a38', 4),
(86, '2023-08-31 00:05:22', 'f0801f7f-b3cf-4cd1-a17e-dc4e86e00cad', 4),
(87, '2023-08-31 00:06:49', 'ad253d97-1866-4471-9e45-d7524f21d82f', 4),
(88, '2023-08-31 00:08:12', '73e780fe-422a-4e75-90f0-cd9640819431', 4),
(89, '2023-08-31 00:09:15', '8d1f3bb2-3b1d-4fb0-a577-5626486fa0e4', 4),
(90, '2023-08-31 00:09:43', 'b9b8fa6f-ec00-4627-ab9c-0a3c5f2ef3db', 4),
(91, '2023-08-31 00:10:37', '23a37bd4-0e59-480e-9604-3a8d2c0deec0', 4),
(92, '2023-08-31 00:11:48', 'fe6aa387-5882-430d-8448-7f8019099eac', 4),
(93, '2023-08-31 00:11:57', '69e7cd43-b812-4fb9-b82e-cd742e8b79dc', 4),
(94, '2023-08-31 00:17:18', '56ca979e-ca9e-46e1-a31e-5beec25b8b39', 4),
(95, '2023-08-31 00:17:29', 'bb3769c2-774d-4528-939d-0d17fd5862f3', 4),
(96, '2023-08-31 00:17:42', '4c2a8c3a-b0fc-4762-9678-d9cd5e896dc3', 4),
(97, '2023-08-31 00:18:12', 'd585abe1-5fe4-4043-bba8-55eb0ba11c0f', 4),
(98, '2023-08-31 00:20:15', '51983271-4025-4a5f-9b25-fc8505a91fd2', 4),
(99, '2023-08-31 00:20:47', '10d5bf27-7fc9-4060-afc5-9d4d2ebb8ad6', 4),
(100, '2023-08-31 00:22:19', 'ee279709-a64b-489c-b0f6-1e055b595c15', 4),
(101, '2023-08-31 00:22:54', 'a607e5be-c95c-4697-9be2-9243cb91a092', 4),
(102, '2023-08-31 00:23:55', '49c649e8-05df-485f-b855-fbb54384cf29', 4),
(103, '2023-08-31 00:24:26', 'a8f9dc39-dccb-4dca-9532-2a8958798cb6', 4),
(104, '2023-08-31 00:24:33', '517dc2f0-3bac-4639-9bcc-05f835ded840', 4),
(105, '2023-08-31 00:25:48', '1356d11a-f367-4beb-9413-4570158bc42b', 4),
(106, '2023-08-31 00:26:39', 'b38986b5-81fd-4d4e-a632-8faf99163e18', 4),
(107, '2023-08-31 00:27:44', 'c30943a4-8121-4e87-896c-0893607a7460', 4),
(108, '2023-08-31 00:27:56', '279da9ba-07dd-4bb9-acc8-c0e244b19a62', 4),
(109, '2023-08-31 00:30:17', 'f42fc7fd-0b08-456b-a33d-569a847e2b4c', 4),
(110, '2023-08-31 00:32:16', '4b18ee08-3330-4d4c-8780-40e81e97031a', 4),
(111, '2023-08-31 00:33:16', '2a31db54-4ac0-49fa-aa05-9ff06768cae2', 4),
(112, '2023-08-31 00:34:10', 'c7d02b22-5c31-4bc5-a1b6-8d6490178d75', 4),
(113, '2023-08-31 00:34:38', '3eb5c835-05f2-4b5c-a488-dc214966aaff', 4),
(114, '2023-08-31 00:35:15', 'cab36b4b-0a34-45cd-9b16-0ffe00613ff6', 4),
(115, '2023-08-31 00:40:56', 'a96eeb5b-0ba5-47e9-b0bf-1f4ae6555e88', 4),
(116, '2023-08-31 00:55:13', 'ef366097-0496-4c18-940f-4608b8d9802c', 4),
(117, '2023-08-31 01:00:46', '74b71fc9-2b06-4dfc-8d98-a46d6d94988d', 4),
(118, '2023-08-31 01:03:23', 'b9173fd7-dcc3-445d-be43-eba9f98a5687', 4),
(119, '2023-08-31 01:05:28', '6f4f4844-934b-46a2-b54a-3aca99ac3e78', 4),
(120, '2023-08-31 01:14:36', '9ca3d43e-da7b-4ba9-82e4-20665112a438', 4),
(121, '2023-08-31 01:15:14', 'fa3af57c-6634-45eb-8bd2-e50c58635ae8', 4),
(122, '2023-08-31 01:15:57', '68ccfed6-7be8-44a5-b894-29c28966888b', 4),
(123, '2023-08-31 01:16:40', 'bed5d7b1-d4b8-4572-aac7-5c1063f57277', 4),
(124, '2023-08-31 01:16:53', '0ed2221c-3ac3-4131-8243-e530b8122109', 4),
(125, '2023-08-31 01:17:53', 'c9519a48-ac30-4d1e-baf1-06c51e77b4d8', 4),
(126, '2023-08-31 01:20:49', 'c4857320-c8ee-4118-a598-57993354bdd2', 4),
(127, '2023-08-31 01:23:58', 'f307a3d9-2618-4727-b26e-b788b8d8b267', 4),
(128, '2023-08-31 01:24:42', 'd20521c2-7e4e-46ed-8231-8e4ad7fb40cd', 4),
(129, '2023-08-31 01:24:54', 'f3908d72-552e-4966-a7c9-97fd21a1bc09', 4),
(130, '2023-08-31 01:25:50', 'f74b9206-482c-4666-839c-01581e439bf4', 4),
(131, '2023-08-31 01:26:00', 'a38c292e-b9b9-422c-a068-2573f6a6bfda', 4),
(132, '2023-08-31 01:26:13', '1221e2c0-87f3-4f33-97a4-02583027ed0f', 4),
(133, '2023-08-31 01:26:27', '207d11db-f6e5-4035-afd1-5559df04d82b', 4),
(134, '2023-08-31 01:26:46', 'a1a28c66-e394-4b89-8489-c74b18e606f6', 4),
(135, '2023-08-31 01:28:16', '6624d833-bf64-4f6b-80ff-a79583643b78', 4),
(136, '2023-08-31 01:29:47', '871462e6-b454-4694-96e5-7c91562004c9', 4),
(137, '2023-08-31 01:30:19', '66181416-933d-4b7e-8f6f-d7481055f3f2', 4),
(138, '2023-08-31 01:30:38', '601ba9f4-d2d4-49a5-bd4d-f592cd3bb912', 4),
(139, '2023-08-31 01:31:10', '1328a723-7a33-489a-a446-15e3a85e57dd', 4),
(140, '2023-08-31 01:31:26', '160295be-fba7-439d-a322-e0c178140565', 4),
(141, '2023-08-31 01:32:30', 'cfd7d4d3-d8a5-4a28-92dd-600396bdbc6c', 4),
(142, '2023-08-31 01:32:45', '00f6ddfb-1983-45a1-a88c-f91740deb913', 4),
(143, '2023-08-31 01:33:15', 'ffb75324-59a1-43d4-81da-cdb865da0b69', 4),
(144, '2023-08-31 01:35:27', 'e35bd968-84a1-4979-ae60-c87df21f7cc4', 4),
(145, '2023-08-31 01:36:02', '8ebee639-9e5e-45dc-bc3c-0b817f105b98', 4),
(146, '2023-08-31 01:36:14', 'bd21b157-78d4-45dd-b4e7-4bcca26b75d4', 4),
(147, '2023-08-31 01:38:29', '05b7624a-9f93-4c27-b3ac-6352967be653', 4),
(148, '2023-08-31 01:39:15', 'd78a2435-c586-4bf3-b447-b75b21ccb003', 4),
(149, '2023-08-31 01:39:28', '51fc2a86-5fc3-49a5-a5df-59ae7c1bce72', 4),
(150, '2023-08-31 02:17:54', '9ca0b05f-518f-40f9-b35b-35b23036fb6c', 4),
(151, '2023-08-31 02:27:09', '47c1e9e1-bd54-4e62-a38f-a1558b2805c0', 4),
(152, '2023-08-31 02:31:04', '1c87061c-a10b-4440-b331-a106183dec3d', 4),
(153, '2023-08-31 02:35:29', 'e0e315b6-48d9-457c-8e81-2ae0c611a9b2', 4),
(154, '2023-08-31 02:35:31', 'f33dcd72-472a-44de-a3f8-45cf92f53a22', 4),
(155, '2023-08-31 02:35:54', '9b16e4d6-31ca-4fe7-b6ec-02d2c2ef6015', 4),
(156, '2023-08-31 02:35:56', 'ab0815c6-3bbf-4b51-bb46-f1ea25f3a35f', 4),
(157, '2023-08-31 02:35:59', 'a4c99774-ef51-4a82-809b-6a477e87e38e', 4),
(158, '2023-08-31 02:36:00', '2d4ef518-e01f-47ac-bc48-e4088d82d67e', 4),
(159, '2023-08-31 02:37:32', '9e1d9ebc-ceac-4ebb-b2e3-9284e26f38d6', 4),
(160, '2023-08-31 02:38:57', '0c4712f8-8e01-42f5-9085-117edc454403', 4),
(161, '2023-08-31 02:42:29', '3db6939e-85aa-4e7a-a942-83725ac4228e', 4),
(162, '2023-08-31 02:42:43', 'c6bb3fc6-471e-40b5-bca7-a619ad13e8c6', 4),
(163, '2023-08-31 02:42:58', '2ae8adf9-bb7f-460b-add7-575de1049e7f', 4),
(164, '2023-08-31 02:43:49', '00b718f2-32d2-45b8-a657-f99ce9b4a055', 4),
(165, '2023-08-31 02:44:52', 'f7b6207b-18d2-4681-ad5f-f76fa1f2fc65', 4),
(166, '2023-08-31 02:45:12', '37cb8677-706c-44c6-9a3d-2f01fbd0be95', 4),
(167, '2023-08-31 02:45:23', 'f481093d-2bc0-4781-8632-e104a6a25901', 4),
(168, '2023-08-31 02:58:40', '78db998d-9d41-4cc8-a869-653fca4f2819', 4),
(169, '2023-08-31 03:01:08', '4c1bca6b-ab40-4d72-a629-7dedd8cbe29d', 4),
(170, '2023-08-31 03:01:34', '9ef0cb2e-083f-4263-8c4c-1d5a9df3a7b2', 4),
(171, '2023-08-31 03:03:43', '5f9b1d11-14c2-4183-a37f-148c305040f1', 4),
(172, '2023-08-31 03:04:52', '384dd345-6578-486d-a579-ef53148aefc8', 4),
(173, '2023-08-31 03:06:37', 'b650d84c-85d8-47e9-9ea2-f4b1c46b932a', 4),
(174, '2023-08-31 03:07:11', '58ad1a98-cacb-4e66-be23-434849e8a25e', 4),
(175, '2023-08-31 03:07:28', '8268a5f7-c001-4705-bc66-1043d1b6119f', 4),
(176, '2023-08-31 03:07:42', 'e923c98c-2e1b-41a3-a983-1e694e899fdb', 4),
(177, '2023-08-31 03:08:49', 'd6cbe3ad-b66f-4d4d-befe-20281d9cf104', 4),
(178, '2023-08-31 03:09:15', '031f21d7-e25d-420b-9d2a-568a4b386fea', 4),
(179, '2023-08-31 03:09:50', 'e1549b95-cccf-4225-82cd-22c519d9996a', 4),
(180, '2023-08-31 03:10:01', '0c991fca-15f5-47de-85b7-f6aa0581dd8e', 4),
(181, '2023-08-31 03:10:24', '3b21b48c-58b4-4d01-9ffc-a4b016221114', 4),
(182, '2023-08-31 03:10:33', 'de9d5210-0162-4c9e-91cb-a89ae70ad0bc', 4),
(183, '2023-08-31 03:10:43', '3f5d1cb1-0db0-4895-bc8a-37482a2732a6', 4),
(184, '2023-08-31 03:10:55', '1a6afe5a-33d5-4844-96c4-747febc5f2a9', 4),
(185, '2023-08-31 03:13:02', 'a022d464-3e9c-4eda-8d79-1190e719c430', 4),
(186, '2023-08-31 03:13:21', 'c3aee89f-4044-4677-bd84-6fae752ed247', 4),
(187, '2023-08-31 03:14:27', '171b15b5-28bb-4cee-a187-36cbc9501ebf', 4),
(188, '2023-08-31 03:18:26', '618852ef-86de-4476-882e-6d45fabc70a9', 4),
(189, '2023-08-31 03:18:45', 'be4ea08b-1f1e-4a1c-91fa-d7d94c8af244', 4),
(190, '2023-08-31 03:20:08', 'f09cb851-4af2-4e41-9f0a-8e764b8f9480', 4),
(191, '2023-08-31 03:20:30', '0d350dc9-70a0-4163-a2e9-27b9fb993ff2', 4),
(192, '2023-08-31 03:31:58', '682d3fd9-7af5-4cf4-9456-35ca8b36dfd3', 4),
(193, '2023-08-31 03:32:16', '429782b5-080e-4288-b02c-91138ed1a080', 4),
(194, '2023-08-31 03:32:44', '1cb69a6a-1946-47c2-a229-41a626adeac5', 4),
(195, '2023-08-31 03:33:47', '165386bf-37a8-4c8b-97b7-60d0d0d2168b', 4),
(196, '2023-08-31 03:34:17', '665ec4df-edb2-4afb-b47e-35b1e6722ddd', 4),
(197, '2023-08-31 03:46:40', '90022fea-1ca2-4114-86ce-6f1b383ae45c', 4),
(198, '2023-08-31 03:47:33', 'f016bad1-ee04-4a10-9fec-8f328f7e8ef4', 4),
(199, '2023-08-31 03:48:14', '1a09c57e-a076-43ce-8ad0-ad1bc6f2b572', 4),
(200, '2023-08-31 17:09:47', '80855657-b9d1-43f8-b8ff-09816ab4d116', 4),
(201, '2023-08-31 17:18:56', '158b33c0-7a57-47e8-8163-c99817ef759b', 4),
(202, '2023-09-01 01:15:20', '4bfdb276-8fc8-46eb-a90a-f0c6f9b42fc2', 4),
(203, '2023-09-01 01:20:27', '4b12deb2-aa5b-4edf-891c-dc1394f88039', 4),
(204, '2023-09-01 01:23:22', '5f88df46-0a2a-4c06-b59a-739735bce7eb', 4),
(205, '2023-09-01 01:29:57', '4cb3d573-4b76-4583-8542-225451e0df4c', 4),
(206, '2023-09-01 01:37:58', '0d284ce7-3b85-4780-ae79-f610e6d21fab', 4),
(207, '2023-09-01 01:39:10', '8a4e578d-f99a-49d9-b972-abee7dead99b', 4),
(208, '2023-09-01 01:39:32', '1a7ff644-1387-4407-a1d0-9a211a86bf8f', 4),
(209, '2023-09-01 01:40:23', '0d3ddd9a-db97-403e-841f-b72169fde04c', 4),
(210, '2023-09-01 01:41:48', '348c28ea-7196-4e35-935c-7ce3c9a7d474', 4),
(211, '2023-09-01 01:42:35', 'a8a85ae1-9198-40bf-a4f3-5d8950a68c52', 4),
(212, '2023-09-01 01:42:53', '36ceb4b0-4929-487d-88ff-81bb7ba27b10', 4),
(213, '2023-09-01 01:46:20', '8297ff90-daa2-45d2-b46e-09cf3a41286b', 4),
(214, '2023-09-01 01:51:21', '0158719d-dbdb-4fc6-8423-c61d9718f519', 4),
(215, '2023-09-01 01:52:58', 'efe33b59-727a-4c88-a2a8-58316cede774', 4),
(216, '2023-09-01 01:53:37', 'c16ef7d2-fa5d-46e0-803b-394459ebe619', 4),
(217, '2023-09-01 01:53:38', '57beb1f3-93a8-48ad-95cd-b146484487d2', 4),
(218, '2023-09-01 01:55:01', 'eea0d736-fa36-4b0e-9c3a-b9ad2305d00a', 4),
(219, '2023-09-01 01:55:27', '7e2e597a-935b-4cf9-96df-c7b24be8723e', 4),
(220, '2023-09-01 01:55:42', '69e709bd-2563-4c98-933a-c03bdf34fbcc', 4),
(221, '2023-09-01 01:56:14', 'a222842e-824f-43d8-97b5-efc18a319f6f', 4),
(222, '2023-09-01 01:57:49', 'd3fc4960-1a19-4d66-a5ac-483d82102047', 4),
(223, '2023-09-01 01:57:59', '9eec3e74-9ac5-4bcb-ade5-d3c9a881ca97', 4),
(224, '2023-09-01 02:00:51', '514b33b6-16eb-46ff-97e7-9da60a7c473b', 4),
(225, '2023-09-01 02:03:09', 'a39ef1e0-4060-4f3c-8a5c-f58b1de7d7f7', 4),
(226, '2023-09-01 02:11:17', '76b5bbde-2ace-44bd-86a2-1053d961f785', 4),
(227, '2023-09-01 02:13:43', '24425b95-dc8f-48df-b7ed-cc9ab3a8da2a', 4),
(228, '2023-09-01 04:02:12', '239fd33e-bdb9-46be-aa6a-a691881df43b', 4),
(229, '2023-09-01 04:02:12', '80ffecc6-71b5-4dcc-a016-0d143eefb267', 4),
(230, '2023-09-01 04:02:12', 'aa3c2319-d924-42ab-b1f0-eca43c70319d', 4),
(231, '2023-09-01 04:02:12', '4addb7f0-232a-4889-93b0-b787fbc52f9f', 4),
(232, '2023-09-01 04:02:12', 'fb280d41-bfaf-4b36-bb8b-4407fb23a53c', 4),
(233, '2023-09-01 04:02:12', 'd5c46844-60cc-46b4-89d5-d75a1d65a5ed', 4),
(234, '2023-09-01 04:06:40', '94126f19-da49-4e2e-855d-c815f0f8173d', 4),
(235, '2023-09-01 04:19:18', '44240b27-5742-4407-85e7-36d6745868f9', 4),
(236, '2023-09-01 04:19:38', '4d9e0c58-8f74-40a0-8e6a-d61926184c28', 4),
(237, '2023-09-01 04:20:57', 'a9c4534d-73b4-4b1b-bb4f-d8230cadc261', 4),
(238, '2023-09-02 00:27:56', '01d04347-cdf6-4ade-927d-1c151481dbad', 4),
(239, '2023-09-02 14:36:11', '32e3d96c-8d17-4fb3-ba26-94e310436a07', 4),
(240, '2023-09-02 14:37:30', '9453c833-9b35-4167-92e7-8ede94f597d9', 4),
(241, '2023-09-02 14:45:05', '839d9b62-a96d-4467-819a-b0ad36fa4406', 4),
(242, '2023-09-02 14:45:46', '403eab4d-0da6-4b83-b939-8dfc3e037060', 7),
(243, '2023-09-03 01:30:59', '953e1b8a-1fb5-4c7c-801b-895bb07fe5d4', 7),
(244, '2023-09-03 01:32:21', '0c9b05b1-9a5c-4722-a899-57d0dd0ffbab', 2),
(245, '2023-09-03 01:32:51', '55a3daba-77f3-4814-94cf-97d000691aa9', 4),
(246, '2023-09-03 01:33:00', '6e802bf9-b59b-4fb2-948d-abdb5a01c7ad', 2),
(247, '2023-09-03 01:33:16', '5ca0d82c-13a2-4bed-8d49-4652df22392c', 4),
(248, '2023-09-03 01:34:33', 'f93653ac-63a9-4188-b0cc-1e4c7f882f64', 2),
(249, '2023-09-03 01:35:09', '8be41652-814c-4ed3-ba58-e043cb7a3218', 4),
(250, '2023-09-03 01:40:40', '6690406a-9abc-4ef6-857e-e39070cfd593', 2),
(251, '2023-09-03 01:46:18', '90676cc5-d539-4692-915a-ab13333fec0e', 2),
(252, '2023-09-03 01:51:31', '08e1b58e-efd1-473f-8708-1bd9b47777e2', 7),
(253, '2023-09-03 01:51:37', '468ccb26-7f40-4e1a-809c-462f2bd214f3', 2),
(254, '2023-09-03 01:59:13', 'f472ea78-f1fe-4b34-b2a0-7de84426d837', 2),
(255, '2023-09-03 02:02:59', '22670d1d-a99b-4ea7-94ce-9451429aecc7', 2),
(256, '2023-09-03 02:03:03', 'fbde7e09-f3bc-4944-90b0-6cd7faf3af9b', 4),
(257, '2023-09-03 02:06:29', 'ee5f9205-f753-4996-a84e-1a7e1e2e5ee3', 2),
(258, '2023-09-03 02:14:15', '573dbc31-1d8e-4e94-beed-6759ae2e2f9e', 2),
(259, '2023-09-03 02:14:38', 'e0dd2794-445e-4640-a849-313e3b4e6849', 2),
(260, '2023-09-03 02:15:18', 'c60ca915-796b-49f8-9ad3-97678592370b', 2),
(261, '2023-09-03 02:20:17', '3f46f2c6-ea8a-4b06-952e-77e40f367d68', 4),
(262, '2023-09-03 02:20:39', '5ad37161-1d81-412d-8a18-9b2b7540f51c', 2),
(263, '2023-09-03 02:21:52', '24519c29-6864-46f7-8fda-484e6892987c', 4),
(264, '2023-09-03 02:23:48', 'f68a39dc-5e23-4f36-94b0-daf55bd6bb63', 4),
(265, '2023-09-03 02:35:33', 'e6cb400a-42f0-465b-bd18-60206f9eb4e7', 4),
(266, '2023-09-03 02:35:33', '77afc9cb-7d8f-4d97-aa3f-99a04fe7f61c', 4),
(267, '2023-09-03 02:35:33', 'c9405a96-481d-48e2-91e2-50031c35f2e3', 4),
(268, '2023-09-03 02:35:33', '02f60943-eb0b-4ec5-a81a-83715feff8f6', 4),
(269, '2023-09-03 02:35:37', '463f1b1b-75ac-4097-9b24-5f980fb2669e', 2),
(270, '2023-09-03 02:37:15', '3384d783-7c78-4a65-a326-042d91404f92', 4),
(271, '2023-09-03 02:37:35', '25629c91-81bf-4753-ad44-e7277e75b33c', 2),
(272, '2023-09-03 02:42:12', 'c4cbbd1e-f960-437f-9f5b-f1f029a7a17b', 4),
(273, '2023-09-08 12:49:47', '19cb2a80-6749-4199-80dd-cf927795272d', 2),
(274, '2023-09-08 12:53:17', '74f0d911-4a4d-4b4e-b767-91d57f2dde80', 4),
(275, '2023-09-08 12:57:38', '1f647093-23be-47a4-b6a6-3fa32dac5ceb', 2),
(276, '2023-09-08 14:05:34', '93f427c2-1c9a-446d-a4e1-9faed1d98ce0', 2),
(277, '2023-09-08 14:05:42', '89fcadbc-4e16-4956-b102-fc604a177b17', 4),
(278, '2023-09-08 14:32:59', 'e1bd8fb8-8c86-4e38-b4ed-4f919694db2f', 2),
(279, '2023-09-08 17:26:59', 'c0eecd9a-00c6-4548-95e5-b123a57b4b6d', 2),
(280, '2023-09-09 17:22:21', '85889868-94a5-46fd-8b18-c6a8b9478d98', 2),
(281, '2023-09-09 18:15:09', 'db01806d-9896-4b92-9914-dd362076ae88', 4),
(282, '2023-09-10 00:49:49', '4a59d984-50a6-41ed-ade6-f9c3989f78e4', 4),
(283, '2023-09-10 02:11:44', '41153f25-545d-409e-b4b9-6f07bcdd2a62', 2),
(284, '2023-09-10 02:24:30', '65cb510a-c897-47b1-889f-c41854cf2b1d', 4),
(285, '2023-09-10 02:27:09', 'b2fb5a6a-3094-415e-9710-8ff65dc95618', 2),
(286, '2023-09-11 23:40:03', '710afaaf-793b-4c16-abd9-a29de0f2c7aa', 4),
(287, '2023-09-12 00:12:10', '61aa7809-1b50-4338-8fd7-1d424b117c51', 2),
(288, '2023-09-12 00:26:37', '07acf174-935a-4956-968e-a16382c532d5', 2),
(289, '2023-09-12 00:27:04', 'f928f9fc-9675-4c2e-afaa-9c638bf62607', 14),
(290, '2023-09-12 00:49:10', 'e5789593-0a0f-4fe6-8ef8-265a67b8eb7a', 2),
(291, '2023-09-12 00:57:56', '5a30f657-1fcc-4189-b523-8e2ba796b360', 14),
(292, '2023-09-12 00:58:09', '6238547d-b99a-4ee5-95b3-822692f5c6cb', 4),
(293, '2023-09-12 00:58:49', 'e8e58403-7b3c-4255-87df-4cd69063c911', 2),
(294, '2023-09-12 01:00:18', 'e00e58d0-a917-42c4-af13-e2c5d208cf12', 14),
(295, '2023-09-12 01:01:56', '37c7557a-9c28-4241-af7b-e5d31878bafb', 2),
(296, '2023-09-12 01:02:57', 'e6475d64-6a66-49b1-84ef-79ca840dd4c1', 14),
(297, '2023-09-12 01:03:22', '9a732604-2bea-472e-864f-5cf9bdb50666', 2),
(298, '2023-09-12 01:03:57', '21337816-a915-44ca-860b-a0ff005cf55d', 4),
(299, '2023-09-12 01:04:30', 'a64b69fb-336c-45df-946f-546fe304bca1', 2),
(300, '2023-09-12 01:06:05', '04c21a6c-c2e9-4a47-8675-7e884ce60fc6', 4),
(301, '2023-09-12 01:06:19', '74f16756-5965-460b-adb5-7517e52fbacb', 2),
(302, '2023-09-12 01:10:31', '0c7489ef-75c7-4497-9027-2bb4eda37a3e', 4),
(303, '2023-09-21 14:30:03', 'a866ff87-8c6e-409e-996c-3be897bb5afa', 2),
(304, '2023-09-21 14:32:46', 'ea28510a-9788-4495-8b6c-4101b8ee3429', 2),
(305, '2023-09-21 14:34:04', '14547bad-6bb2-4bbe-8530-a0b620901c7e', 15),
(306, '2023-09-21 14:36:34', '5ecb960c-2062-4c2a-bafd-bd3b3efad707', 2),
(307, '2023-09-21 14:40:41', 'c401f37c-fe15-41ce-b59d-2e0f1744b069', 15),
(308, '2023-09-21 14:41:31', '1140a9ff-02fa-4aa0-bd75-52ff9c4f5292', 2),
(309, '2023-09-21 14:49:58', '7e08d4f6-430a-4a33-9c7d-8f304aa8d15d', 3),
(310, '2023-09-21 14:50:12', '2a36e890-fa53-4257-8127-69b0673357e5', 3),
(311, '2023-09-21 14:50:24', '1d21c2f0-9242-4e5d-ba7c-5f8602f9b8d0', 4),
(312, '2023-09-21 14:53:17', 'ba7b48e8-06dd-4b02-9301-a74a1eba0843', 2),
(313, '2023-09-21 15:01:07', 'a7d98d92-fda4-4816-928a-8d2a29a6de84', 15),
(314, '2023-09-21 15:03:11', '97a26210-7942-4782-a229-17de271fb0e1', 2),
(315, '2023-09-21 15:05:10', '8b19640e-2d60-4ad7-bdbe-1755b276e9a6', 15),
(316, '2023-09-21 15:06:37', '6b83cb52-03c5-4edf-909e-f3a91ca7e839', 2),
(317, '2023-09-21 15:07:09', 'aa661c43-5d38-4b32-9649-55652717e7e2', 2),
(318, '2023-09-21 15:07:19', '3e778c24-1169-413f-9f83-09a0402bad1a', 15),
(319, '2023-09-21 15:12:37', '0d71b0b0-0e75-464d-a694-579769a40272', 15),
(320, '2023-09-21 15:12:50', '0e5cb1ae-98df-4926-a83f-eb03744ace3e', 2),
(321, '2023-09-21 15:13:08', '325bed79-ae53-4367-ae69-a813e9186fbc', 15),
(322, '2023-09-21 15:14:11', '6a353b8b-4937-4736-be1b-4b5792cf7258', 2),
(323, '2023-09-21 15:14:25', '4c9ecc37-0166-4ead-b1f9-5b4fb472f526', 15),
(324, '2023-09-21 15:23:06', '21d473d0-4e1b-4524-aaf8-35c7cf49be82', 2),
(325, '2023-09-21 16:18:14', '6a57934a-7d98-4904-812a-10ddb44b2497', 4),
(326, '2023-09-21 20:59:01', '4ab9985f-3007-4f86-bf57-761539cdc479', 2),
(327, '2023-09-21 21:00:15', '8bd9e916-bd2f-4887-b69c-3f735eb92641', 4),
(328, '2023-09-21 21:03:02', '95aaf850-0095-45ed-9ed0-93bc05310fec', 2),
(329, '2023-09-21 21:04:44', '05c54671-0b55-40c8-9d1c-8d8babf9acfd', 4),
(330, '2023-09-21 21:05:39', '2273979a-a232-4b6d-9330-860480f4a479', 2),
(331, '2023-09-21 21:08:57', '0a317b06-5f51-43c2-956f-4270f3867508', 4),
(332, '2023-09-23 10:04:47', 'ea20a112-ea6b-4847-8fee-ae20db22943d', 2),
(333, '2023-09-30 09:55:15', 'ba076070-b93b-4d29-ba91-80b32aa08337', 2),
(334, '2023-09-30 10:28:09', 'e68be35e-41ec-4e39-b84f-433d5868ed85', 2),
(335, '2023-09-30 10:30:32', 'd0e0c1c9-e3f1-425b-a386-1cd2aea23658', 2),
(336, '2023-09-30 10:32:21', 'c4f18949-b8d4-4081-990f-62a812dfc932', 2),
(337, '2023-09-30 10:33:54', 'ff000b91-9705-4bb2-816c-f98f78ca966e', 2),
(338, '2023-09-30 10:35:08', 'a4cfc6d7-5b45-4f92-b40a-1f0508fd4d06', 2),
(339, '2023-09-30 10:36:58', 'c6e4a9e4-6982-4969-8f32-7405dc9b3ff7', 2),
(340, '2023-09-30 10:37:43', '2aea813f-ad5a-4681-a2c1-75946e671a02', 21),
(341, '2023-09-30 10:41:26', 'de4fe9fc-ffcf-41ce-bce6-863decf9e57a', 2),
(342, '2023-09-30 10:44:00', '3c0a234a-867d-4037-af7c-c8113fb2a284', 21),
(343, '2023-09-30 10:45:00', '4b79aec7-c1d9-4594-acc7-5fb0d7abbe28', 2);

-- --------------------------------------------------------

--
-- Structure de la table `role`
--

CREATE TABLE `role` (
  `id` bigint(20) NOT NULL,
  `name` varchar(20) DEFAULT NULL
) ENGINE=InnoDB DEFAULT CHARSET=utf8mb4;

--
-- Déchargement des données de la table `role`
--

INSERT INTO `role` (`id`, `name`) VALUES
(1, 'ROLE_EMPLOYE'),
(2, 'ROLE_MANAGER'),
(3, 'ROLE_ADMIN'),
(4, 'ROLE_EMPLOYEE');

-- --------------------------------------------------------

--
-- Structure de la table `utilisateur`
--

CREATE TABLE `utilisateur` (
  `id` bigint(20) NOT NULL,
  `adresse` varchar(255) DEFAULT NULL,
  `age` int(11) DEFAULT NULL,
  `created_at` datetime NOT NULL,
  `email` varchar(255) DEFAULT NULL,
  `enabled` bit(1) NOT NULL,
  `gender` varchar(255) DEFAULT NULL,
  `is_locked` bit(1) NOT NULL,
  `name` varchar(255) DEFAULT NULL,
  `password` varchar(255) DEFAULT NULL,
  `updated_at` datetime DEFAULT NULL,
  `username` varchar(255) DEFAULT NULL,
  `indevedu_id` bigint(20) DEFAULT NULL,
  `description` varchar(255) DEFAULT NULL,
  `cin` varchar(255) DEFAULT NULL,
  `tel` varchar(255) DEFAULT NULL
) ENGINE=InnoDB DEFAULT CHARSET=utf8mb4;

--
-- Déchargement des données de la table `utilisateur`
--

INSERT INTO `utilisateur` (`id`, `adresse`, `age`, `created_at`, `email`, `enabled`, `gender`, `is_locked`, `name`, `password`, `updated_at`, `username`, `indevedu_id`, `description`, `cin`, `tel`) VALUES
(1, NULL, 0, '2023-08-29 00:52:12', 'sabri.krima000@esprit.tn', b'1', NULL, b'1', 'Sabri krima', '$2a$10$476pQRccs39u25sjgY/O4OUTT7kBal23zbamwZ24MICrR90WAvM56', '2023-08-29 00:52:12', 'sabri0', NULL, NULL, NULL, NULL),
(2, NULL, 0, '2023-08-29 00:53:11', 'Ghazi.toukebri@esprit.tn', b'1', NULL, b'1', 'Ghazi TOUKEBRI', '$2a$10$aJ2Bb8panB9Luie/YjagNu8Db7ypIBhB8wxuXpGq06QAq6tF53nqm', '2023-08-29 00:56:43', 'ghazy', 1, NULL, NULL, NULL),
(3, NULL, 0, '2023-08-29 01:01:21', 'iheb.gharbi@esprit.tn', b'1', NULL, b'1', 'gharbi iheb', '$2a$10$BPP6Bx70dL5MFO//g/Wh3OoijHl4A03bWANN8J1QZX0LjPr6UAnG6', '2023-08-29 01:01:21', 'gharbi1', NULL, NULL, NULL, NULL),
(4, NULL, 0, '2023-08-29 04:08:15', 'sabri.krima@esprit.tn', b'1', NULL, b'1', 'Sabri krima', '$2a$10$9XZarOLLxoOfSKvf2muUFeVAdmCq4MNXzkyaE5Y895.xTcEZBG0hK', '2023-08-29 04:08:34', 'sabri1', 2, NULL, NULL, NULL),
(5, NULL, 0, '2023-08-30 17:18:34', 'taher.gharbi@esprit.tn', b'1', NULL, b'1', 'taher', '$2a$10$JYSEV107ehXP8TmPgvrtSeU8z/dLI29XR.5XjFJTSZBBghvohhrLC', '2023-09-11 00:15:59', 'gharbyi', 7, NULL, NULL, NULL),
(6, NULL, 0, '2023-09-01 14:35:42', 'fawzi@gmail.com', b'1', NULL, b'1', 'fawzi', '$2a$10$c/GhYWQvAe2KB4o/PQERuObA6YkmuL6ExXe4OI9EWxBMjdBJjhSaS', '2023-09-01 14:36:25', 'fawzitouk', 3, NULL, NULL, NULL),
(7, NULL, 0, '2023-09-01 14:43:05', 'tt@gmail.com', b'1', NULL, b'1', 'ggggggg', '$2a$10$3yUnSnf.I.nK31lci.hcKuEWnf4L2JcJY2x2oWq39nHmhmH5I6JZe', '2023-09-01 14:45:28', 'tttttttt', 4, NULL, NULL, NULL),
(8, NULL, 0, '2023-09-02 01:46:10', 'Ghazi.toukebri2@esprit.tn', b'0', NULL, b'1', 'Ghazi TOUKEBRI', '$2a$10$US5PwfGC.83feViAVUYI4.r8zwmpLoyeN0zCD1mL2Ecso5.QGlXGO', '2023-09-02 01:46:10', 'ghazy22', NULL, NULL, NULL, NULL),
(9, NULL, 0, '2023-09-02 01:48:00', 'Ghazi.toukebriyy@esprit.tn', b'0', NULL, b'1', 'Ghazi yyyyyyyyyyyy', '$2a$10$7YTbetX.fEZ3Pg5cjb0PJOp3gK.xcMSgfOo.9y0Hc5kLBh84ED7BO', '2023-09-02 01:48:00', 'ghazyyyy', NULL, NULL, NULL, NULL),
(10, NULL, 0, '2023-09-02 01:51:12', 'fawzi55@gmail.com', b'1', NULL, b'1', 'fawzi', '$2a$10$qlCnA0t22j32Fs.iHlIeKusCY2s7FPVi4W1.F9CwUk9BPlRBPSdTm', '2023-09-02 01:51:43', 'fawzi', 5, 'aaaaaaaaaaaaaaaddddddddddddddddd', NULL, NULL),
(11, NULL, 0, '2023-09-02 01:58:32', 'Ghaztti.toukebri@esprit.tn', b'0', NULL, b'1', 'GHAZYYYYYttttttttt', '$2a$10$iwB1QxIwhY1VVP/mi2KNtOLx2yynel5JO8UdZ15QoNHan5BSMaOEK', '2023-09-02 01:58:32', 'ghazytt', NULL, 'faaaaaaaaaaaaaaaaaaaaaaaaaaaaaaaaaaaaaaaaaaaaaaa', '14058555', '50350069'),
(12, NULL, 0, '2023-09-02 02:23:20', 'h@uuuuuu', b'1', NULL, b'1', 'eeeeee', '$2a$10$jPVH.BWJ.qzP7vxv2SjwPe/wkMCrddVA3myzF0dfn/9imAE8j7zVe', '2023-09-20 16:14:15', 'eee', 10, 'ddddddddd', '44444444', '44444444'),
(13, NULL, 0, '2023-09-07 17:26:21', 'oooo@gmail.com', b'1', NULL, b'1', 'kkkkkkkkk', '$2a$10$Ovaxme3SDbYyf8DjgUmj3OQc7ywN4vzEwE8TXnZvhTLDA2gmmCWV.', '2023-09-07 17:27:30', 'oooooooo', 6, '111111', '11111111', '111111'),
(14, NULL, 0, '2023-09-11 00:25:27', 'ff@gmail', b'1', NULL, b'1', 'p', '$2a$10$hg4C4A7FTgIGv4QZOerrTe1WeIi6tnfQchfK1T7HRaoj75qbXvuoe', '2023-09-11 00:26:51', 'pp', 8, 'wwwwwwwwwww', '22222222', '22222222'),
(15, NULL, 0, '2023-09-20 14:32:26', 'tttt@gmail.com', b'1', NULL, b'1', 'tttttt', '$2a$10$zCo1Wvebdv.YpoeMVpv42.0O3F.TzlnuMETdL6x.ZH4qZ1IIGgtbC', '2023-09-20 14:33:50', 'tttt', 9, 'fffffffffff', '11111111', '222222'),
(16, NULL, 0, '2023-09-20 20:58:09', 'manel@gmail.com', b'1', NULL, b'1', 'manel', '$2a$10$BfDa3UmFL2.G7...F5CcbOzYaplexIKUzv8TXvo3ShMBWvVIaQlG6', '2023-09-20 20:59:37', 'ben amara', 11, 'jjgddggdgdgdggd', '55555555', '555555'),
(17, NULL, 0, '2023-09-20 20:58:50', 'maneltouka@gmail.com', b'1', NULL, b'1', 'manell', '$2a$10$aOffsr/LUHQ6jhV4CcNZ5OY2yKPRTgHpI/2v4Xj1YGlzmwYm672Di', '2023-09-20 21:07:33', 'toukebri', 12, 'jjgddggdgdgdggd', '55555555', '555555'),
(18, NULL, 0, '2023-09-22 10:04:08', 'gg@gmail.com', b'0', NULL, b'1', 'gg', '$2a$10$hPIui45VXoZ6rdXG.QC1oeiqM7CwsgUEXdtxFnZjLN5I4EF.qhQw.', '2023-09-22 10:04:08', 'gg', NULL, 'ccccc', '33333333', '33333333'),
(19, NULL, 0, '2023-09-29 10:27:19', 'shedli@shamash.com', b'1', NULL, b'1', 'shedli', '$2a$10$7JABnmh181RCnkOWAr/DTOUGl1muyjDxXXZSuXr4EoTkBCM2i5uVG', '2023-09-29 10:28:40', 'shedli1', 13, 'jkhzekyezeoiuh', '11111111', '22222222'),
(20, NULL, 0, '2023-09-29 10:31:50', 'chedli2@shamash.com', b'1', NULL, b'1', 'chedli', '$2a$10$yLsyL9CvgOqbDKltK9nPUeCBLDAnxaC2rvpA16fWBP1wTCpwNScJy', '2023-09-29 10:32:35', 'chedli2', 14, 'ksdhdhoiJ', '33333333', '20202020'),
(21, NULL, 0, '2023-09-29 10:36:24', 'chedli@shamash.com', b'1', NULL, b'1', 'chedlii', '$2a$10$OrcxNYccma4trz8HuljYfuCNkdYTGnbkzU4y7jmx6TvmDAAPDLouS', '2023-09-29 10:37:11', 'chedli1', 15, 'hdgdgd', '22222222', '34849846');

-- --------------------------------------------------------

--
-- Structure de la table `utilisateur_roles`
--

CREATE TABLE `utilisateur_roles` (
  `user_id` bigint(20) NOT NULL,
  `roles_id` bigint(20) NOT NULL
) ENGINE=InnoDB DEFAULT CHARSET=utf8mb4;

--
-- Déchargement des données de la table `utilisateur_roles`
--

INSERT INTO `utilisateur_roles` (`user_id`, `roles_id`) VALUES
(1, 4),
(2, 3),
(3, 2),
(4, 1),
(5, 1),
(6, 1),
(7, 1),
(8, 1),
(9, 1),
(10, 1),
(11, 1),
(12, 1),
(13, 1),
(14, 1),
(15, 1),
(16, 1),
(17, 1),
(18, 1),
(19, 1),
(20, 1),
(21, 1);

--
-- Index pour les tables déchargées
--

--
-- Index pour la table `confirmation_mail_token_entity`
--
ALTER TABLE `confirmation_mail_token_entity`
  ADD PRIMARY KEY (`id`),
  ADD KEY `FK31fcmgu3ui6umlopwoe4i2qd5` (`user_id`);

--
-- Index pour la table `contrat`
--
ALTER TABLE `contrat`
  ADD PRIMARY KEY (`id`),
  ADD KEY `FKnqbb0wvwoxngwjbwlmk2ep68i` (`user_id`);

--
-- Index pour la table `facture`
--
ALTER TABLE `facture`
  ADD PRIMARY KEY (`id`),
  ADD KEY `FK79tl0rbxfpw5ft9wonlw9kbod` (`indevedu`),
  ADD KEY `FKl5u9w5fweodq9u95p13owe6rq` (`user`),
  ADD KEY `FKj711npsm2q6my6iehocw3970y` (`contrat_id`);

--
-- Index pour la table `file_attachments`
--
ALTER TABLE `file_attachments`
  ADD PRIMARY KEY (`id`),
  ADD KEY `FKfw2d3tktgcmpl346y9i7obg01` (`facture_id`);

--
-- Index pour la table `image`
--
ALTER TABLE `image`
  ADD PRIMARY KEY (`id`),
  ADD KEY `FKjfvhqqu21wpi8wh5icbp01l18` (`user_id`);

--
-- Index pour la table `indevedu`
--
ALTER TABLE `indevedu`
  ADD PRIMARY KEY (`id`);

--
-- Index pour la table `message`
--
ALTER TABLE `message`
  ADD PRIMARY KEY (`message_id`);

--
-- Index pour la table `password_reset_token`
--
ALTER TABLE `password_reset_token`
  ADD PRIMARY KEY (`token_id`);

--
-- Index pour la table `refreshtoken`
--
ALTER TABLE `refreshtoken`
  ADD PRIMARY KEY (`id`),
  ADD UNIQUE KEY `UK_or156wbneyk8noo4jstv55ii3` (`token`),
  ADD KEY `FKpplt8gat3kwba5hqftmwmobrv` (`user_id`);

--
-- Index pour la table `role`
--
ALTER TABLE `role`
  ADD PRIMARY KEY (`id`);

--
-- Index pour la table `utilisateur`
--
ALTER TABLE `utilisateur`
  ADD PRIMARY KEY (`id`),
  ADD KEY `FKcdqlrjxpwutijfpwnglvs3drr` (`indevedu_id`);

--
-- Index pour la table `utilisateur_roles`
--
ALTER TABLE `utilisateur_roles`
  ADD PRIMARY KEY (`user_id`,`roles_id`),
  ADD KEY `FKgvjufa2i7moss3i9eh2i9yoaq` (`roles_id`);

--
-- AUTO_INCREMENT pour les tables déchargées
--

--
-- AUTO_INCREMENT pour la table `contrat`
--
ALTER TABLE `contrat`
  MODIFY `id` bigint(20) NOT NULL AUTO_INCREMENT, AUTO_INCREMENT=20;

--
-- AUTO_INCREMENT pour la table `facture`
--
ALTER TABLE `facture`
  MODIFY `id` bigint(20) NOT NULL AUTO_INCREMENT, AUTO_INCREMENT=21;

--
-- AUTO_INCREMENT pour la table `file_attachments`
--
ALTER TABLE `file_attachments`
  MODIFY `id` bigint(20) NOT NULL AUTO_INCREMENT, AUTO_INCREMENT=16;

--
-- AUTO_INCREMENT pour la table `image`
--
ALTER TABLE `image`
  MODIFY `id` int(11) NOT NULL AUTO_INCREMENT;

--
-- AUTO_INCREMENT pour la table `indevedu`
--
ALTER TABLE `indevedu`
  MODIFY `id` bigint(20) NOT NULL AUTO_INCREMENT, AUTO_INCREMENT=16;

--
-- AUTO_INCREMENT pour la table `message`
--
ALTER TABLE `message`
  MODIFY `message_id` bigint(20) NOT NULL AUTO_INCREMENT;

--
-- AUTO_INCREMENT pour la table `password_reset_token`
--
ALTER TABLE `password_reset_token`
  MODIFY `token_id` bigint(20) NOT NULL AUTO_INCREMENT;

--
-- AUTO_INCREMENT pour la table `role`
--
ALTER TABLE `role`
  MODIFY `id` bigint(20) NOT NULL AUTO_INCREMENT, AUTO_INCREMENT=5;

--
-- AUTO_INCREMENT pour la table `utilisateur`
--
ALTER TABLE `utilisateur`
  MODIFY `id` bigint(20) NOT NULL AUTO_INCREMENT, AUTO_INCREMENT=22;

--
-- Contraintes pour les tables déchargées
--

--
-- Contraintes pour la table `confirmation_mail_token_entity`
--
ALTER TABLE `confirmation_mail_token_entity`
  ADD CONSTRAINT `FK31fcmgu3ui6umlopwoe4i2qd5` FOREIGN KEY (`user_id`) REFERENCES `utilisateur` (`id`);

--
-- Contraintes pour la table `contrat`
--
ALTER TABLE `contrat`
  ADD CONSTRAINT `FKnqbb0wvwoxngwjbwlmk2ep68i` FOREIGN KEY (`user_id`) REFERENCES `utilisateur` (`id`);

--
-- Contraintes pour la table `facture`
--
ALTER TABLE `facture`
  ADD CONSTRAINT `FK79tl0rbxfpw5ft9wonlw9kbod` FOREIGN KEY (`indevedu`) REFERENCES `indevedu` (`id`),
  ADD CONSTRAINT `FKj711npsm2q6my6iehocw3970y` FOREIGN KEY (`contrat_id`) REFERENCES `contrat` (`id`),
  ADD CONSTRAINT `FKl5u9w5fweodq9u95p13owe6rq` FOREIGN KEY (`user`) REFERENCES `utilisateur` (`id`);

--
-- Contraintes pour la table `file_attachments`
--
ALTER TABLE `file_attachments`
  ADD CONSTRAINT `FKfw2d3tktgcmpl346y9i7obg01` FOREIGN KEY (`facture_id`) REFERENCES `facture` (`id`);

--
-- Contraintes pour la table `image`
--
ALTER TABLE `image`
  ADD CONSTRAINT `FKjfvhqqu21wpi8wh5icbp01l18` FOREIGN KEY (`user_id`) REFERENCES `utilisateur` (`id`);

--
-- Contraintes pour la table `refreshtoken`
--
ALTER TABLE `refreshtoken`
  ADD CONSTRAINT `FKpplt8gat3kwba5hqftmwmobrv` FOREIGN KEY (`user_id`) REFERENCES `utilisateur` (`id`);

--
-- Contraintes pour la table `utilisateur`
--
ALTER TABLE `utilisateur`
  ADD CONSTRAINT `FKcdqlrjxpwutijfpwnglvs3drr` FOREIGN KEY (`indevedu_id`) REFERENCES `indevedu` (`id`);

--
-- Contraintes pour la table `utilisateur_roles`
--
ALTER TABLE `utilisateur_roles`
  ADD CONSTRAINT `FK9m5gu2f9w10ii2fkagju1jko8` FOREIGN KEY (`user_id`) REFERENCES `utilisateur` (`id`),
  ADD CONSTRAINT `FKgvjufa2i7moss3i9eh2i9yoaq` FOREIGN KEY (`roles_id`) REFERENCES `role` (`id`);
COMMIT;

/*!40101 SET CHARACTER_SET_CLIENT=@OLD_CHARACTER_SET_CLIENT */;
/*!40101 SET CHARACTER_SET_RESULTS=@OLD_CHARACTER_SET_RESULTS */;
/*!40101 SET COLLATION_CONNECTION=@OLD_COLLATION_CONNECTION */;
